Copyright 1986-2022 Xilinx, Inc. All Rights Reserved. Copyright 2022-2024 Advanced Micro Devices, Inc. All Rights Reserved.
------------------------------------------------------------------------------------------------------------------------------------------------------------------------------------------------------------------------------------------------------------------------------------------
| Tool Version : Vivado v.2024.2 (lin64) Build 5239630 Fri Nov 08 22:34:34 MST 2024
| Date         : Sat May  9 15:42:59 2026
| Host         : kyc-system-product-name running 64-bit Ubuntu 22.04.5 LTS
| Command      : report_timing_summary -max_paths 10 -report_unconstrained -file cw305_unified_butterfly2_top_v4_timing_summary_routed.rpt -pb cw305_unified_butterfly2_top_v4_timing_summary_routed.pb -rpx cw305_unified_butterfly2_top_v4_timing_summary_routed.rpx -warn_on_violation
| Design       : cw305_unified_butterfly2_top_v4
| Device       : 7a100t-ftg256
| Speed File   : -1  PRODUCTION 1.23 2018-06-13
| Design State : Routed
------------------------------------------------------------------------------------------------------------------------------------------------------------------------------------------------------------------------------------------------------------------------------------------

Timing Summary Report

------------------------------------------------------------------------------------------------
| Timer Settings
| --------------
------------------------------------------------------------------------------------------------

  Enable Multi Corner Analysis               :  Yes
  Enable Pessimism Removal                   :  Yes
  Pessimism Removal Resolution               :  Nearest Common Node
  Enable Input Delay Default Clock           :  No
  Enable Preset / Clear Arcs                 :  No
  Disable Flight Delays                      :  No
  Ignore I/O Paths                           :  No
  Timing Early Launch at Borrowing Latches   :  No
  Borrow Time for Max Delay Exceptions       :  Yes
  Merge Timing Exceptions                    :  Yes
  Inter-SLR Compensation                     :  Conservative

  Corner  Analyze    Analyze    
  Name    Max Paths  Min Paths  
  ------  ---------  ---------  
  Slow    Yes        Yes        
  Fast    Yes        Yes        


------------------------------------------------------------------------------------------------
| Report Methodology
| ------------------
------------------------------------------------------------------------------------------------

Rule      Severity  Description                               Violations  
--------  --------  ----------------------------------------  ----------  
SYNTH-10  Warning   Wide multiplier                           11          
XDCH-2    Warning   Same min and max delay values on IO port  51          

Note: This report is based on the most recent report_methodology run and may not be up-to-date. Run report_methodology on the current design for the latest report.



check_timing report

Table of Contents
-----------------
1. checking no_clock (0)
2. checking constant_clock (0)
3. checking pulse_width_clock (0)
4. checking unconstrained_internal_endpoints (0)
5. checking no_input_delay (0)
6. checking no_output_delay (0)
7. checking multiple_clock (0)
8. checking generated_clocks (0)
9. checking loops (0)
10. checking partial_input_delay (0)
11. checking partial_output_delay (0)
12. checking latch_loops (0)

1. checking no_clock (0)
------------------------
 There are 0 register/latch pins with no clock.


2. checking constant_clock (0)
------------------------------
 There are 0 register/latch pins with constant_clock.


3. checking pulse_width_clock (0)
---------------------------------
 There are 0 register/latch pins which need pulse_width check


4. checking unconstrained_internal_endpoints (0)
------------------------------------------------
 There are 0 pins that are not constrained for maximum delay.

 There are 0 pins that are not constrained for maximum delay due to constant clock.


5. checking no_input_delay (0)
------------------------------
 There are 0 input ports with no input delay specified.

 There are 0 input ports with no input delay but user has a false path constraint.


6. checking no_output_delay (0)
-------------------------------
 There are 0 ports with no output delay specified.

 There are 0 ports with no output delay but user has a false path constraint

 There are 0 ports with no output delay but with a timing clock defined on it or propagating through it


7. checking multiple_clock (0)
------------------------------
 There are 0 register/latch pins with multiple clocks.


8. checking generated_clocks (0)
--------------------------------
 There are 0 generated clocks that are not connected to a clock source.


9. checking loops (0)
---------------------
 There are 0 combinational loops in the design.


10. checking partial_input_delay (0)
------------------------------------
 There are 0 input ports with partial input delay specified.


11. checking partial_output_delay (0)
-------------------------------------
 There are 0 ports with partial output delay specified.


12. checking latch_loops (0)
----------------------------
 There are 0 combinational latch loops in the design through latch input



------------------------------------------------------------------------------------------------
| Design Timing Summary
| ---------------------
------------------------------------------------------------------------------------------------

    WNS(ns)      TNS(ns)  TNS Failing Endpoints  TNS Total Endpoints      WHS(ns)      THS(ns)  THS Failing Endpoints  THS Total Endpoints     WPWS(ns)     TPWS(ns)  TPWS Failing Endpoints  TPWS Total Endpoints  
    -------      -------  ---------------------  -------------------      -------      -------  ---------------------  -------------------     --------     --------  ----------------------  --------------------  
      0.631        0.000                      0                 1543        0.053        0.000                      0                 1543        4.020        0.000                       0                   844  


All user specified timing constraints are met.


------------------------------------------------------------------------------------------------
| Clock Summary
| -------------
------------------------------------------------------------------------------------------------

Clock      Waveform(ns)       Period(ns)      Frequency(MHz)
-----      ------------       ----------      --------------
pll_clk1   {0.000 5.000}      10.000          100.000         
tio_clkin  {0.000 5.000}      10.000          100.000         
usb_clk    {0.000 5.000}      10.000          100.000         


------------------------------------------------------------------------------------------------
| Intra Clock Table
| -----------------
------------------------------------------------------------------------------------------------

Clock             WNS(ns)      TNS(ns)  TNS Failing Endpoints  TNS Total Endpoints      WHS(ns)      THS(ns)  THS Failing Endpoints  THS Total Endpoints     WPWS(ns)     TPWS(ns)  TPWS Failing Endpoints  TPWS Total Endpoints  
-----             -------      -------  ---------------------  -------------------      -------      -------  ---------------------  -------------------     --------     --------  ----------------------  --------------------  
usb_clk             0.631        0.000                      0                 1543        0.053        0.000                      0                 1543        4.020        0.000                       0                   844  


------------------------------------------------------------------------------------------------
| Inter Clock Table
| -----------------
------------------------------------------------------------------------------------------------

From Clock    To Clock          WNS(ns)      TNS(ns)  TNS Failing Endpoints  TNS Total Endpoints      WHS(ns)      THS(ns)  THS Failing Endpoints  THS Total Endpoints  
----------    --------          -------      -------  ---------------------  -------------------      -------      -------  ---------------------  -------------------  


------------------------------------------------------------------------------------------------
| Other Path Groups Table
| -----------------------
------------------------------------------------------------------------------------------------

Path Group    From Clock    To Clock          WNS(ns)      TNS(ns)  TNS Failing Endpoints  TNS Total Endpoints      WHS(ns)      THS(ns)  THS Failing Endpoints  THS Total Endpoints  
----------    ----------    --------          -------      -------  ---------------------  -------------------      -------      -------  ---------------------  -------------------  


------------------------------------------------------------------------------------------------
| User Ignored Path Table
| -----------------------
------------------------------------------------------------------------------------------------

Path Group    From Clock    To Clock    
----------    ----------    --------    
(none)        usb_clk       usb_clk       


------------------------------------------------------------------------------------------------
| Unconstrained Path Table
| ------------------------
------------------------------------------------------------------------------------------------

Path Group    From Clock    To Clock    
----------    ----------    --------    
(none)                      usb_clk       


------------------------------------------------------------------------------------------------
| Timing Details
| --------------
------------------------------------------------------------------------------------------------


---------------------------------------------------------------------------------------------------
From Clock:  usb_clk
  To Clock:  usb_clk

Setup :            0  Failing Endpoints,  Worst Slack        0.631ns,  Total Violation        0.000ns
Hold  :            0  Failing Endpoints,  Worst Slack        0.053ns,  Total Violation        0.000ns
PW    :            0  Failing Endpoints,  Worst Slack        4.020ns,  Total Violation        0.000ns
---------------------------------------------------------------------------------------------------


Max Delay Paths
--------------------------------------------------------------------------------------
Slack (MET) :             0.631ns  (required time - arrival time)
  Source:                 U_butterfly/core/MR1/r_s4_reg[17]/C
                            (rising edge-triggered cell FDRE clocked by usb_clk  {rise@0.000ns fall@5.000ns period=10.000ns})
  Destination:            U_butterfly/core/out2_reg[29]/D
                            (rising edge-triggered cell FDRE clocked by usb_clk  {rise@0.000ns fall@5.000ns period=10.000ns})
  Path Group:             usb_clk
  Path Type:              Setup (Max at Slow Process Corner)
  Requirement:            10.000ns  (usb_clk rise@10.000ns - usb_clk rise@0.000ns)
  Data Path Delay:        9.021ns  (logic 3.402ns (37.714%)  route 5.619ns (62.286%))
  Logic Levels:           12  (CARRY4=7 LUT2=1 LUT3=2 LUT6=2)
  Clock Path Skew:        -0.044ns (DCD - SCD + CPR)
    Destination Clock Delay (DCD):    4.981ns = ( 14.981 - 10.000 ) 
    Source Clock Delay      (SCD):    5.285ns
    Clock Pessimism Removal (CPR):    0.259ns
  Clock Uncertainty:      0.035ns  ((TSJ^2 + TIJ^2)^1/2 + DJ) / 2 + PE
    Total System Jitter     (TSJ):    0.071ns
    Total Input Jitter      (TIJ):    0.000ns
    Discrete Jitter          (DJ):    0.000ns
    Phase Error              (PE):    0.000ns

    Location             Delay type                Incr(ns)  Path(ns)    Netlist Resource(s)
  -------------------------------------------------------------------    -------------------
                         (clock usb_clk rise edge)    0.000     0.000 r  
    F5                                                0.000     0.000 r  usb_clk (IN)
                         net (fo=0)                   0.000     0.000    usb_clk
    F5                   IBUF (Prop_ibuf_I_O)         1.461     1.461 r  usb_clk_IBUF_inst/O
                         net (fo=1, routed)           2.025     3.486    usb_clk_IBUF
    BUFGCTRL_X0Y16       BUFG (Prop_bufg_I_O)         0.096     3.582 r  U_usb_clk_buf/O
                         net (fo=846, routed)         1.703     5.285    U_butterfly/core/MR1/tio_clkout_OBUF
    SLICE_X83Y118        FDRE                                         r  U_butterfly/core/MR1/r_s4_reg[17]/C
  -------------------------------------------------------------------    -------------------
    SLICE_X83Y118        FDRE (Prop_fdre_C_Q)         0.456     5.741 f  U_butterfly/core/MR1/r_s4_reg[17]/Q
                         net (fo=6, routed)           1.329     7.070    U_butterfly/core/MR1/r_s4_reg[31]_0[17]
    SLICE_X78Y122        LUT3 (Prop_lut3_I0_O)        0.146     7.216 f  U_butterfly/core/MR1/sub_aligned1_carry__1_i_12/O
                         net (fo=1, routed)           0.469     7.685    U_butterfly/core/MR1/sub_aligned1_carry__1_i_12_n_0
    SLICE_X78Y122        LUT6 (Prop_lut6_I4_O)        0.328     8.013 r  U_butterfly/core/MR1/sub_aligned1_carry__1_i_4/O
                         net (fo=1, routed)           0.621     8.634    U_butterfly/core/MR1_n_53
    SLICE_X80Y119        CARRY4 (Prop_carry4_DI[0]_CO[3])
                                                      0.550     9.184 r  U_butterfly/core/sub_aligned1_carry__1/CO[3]
                         net (fo=1, routed)           0.000     9.184    U_butterfly/core/sub_aligned1_carry__1_n_0
    SLICE_X80Y120        CARRY4 (Prop_carry4_CI_CO[3])
                                                      0.117     9.301 f  U_butterfly/core/sub_aligned1_carry__2/CO[3]
                         net (fo=16, routed)          1.006    10.307    U_butterfly/core/MR1/CO[0]
    SLICE_X77Y119        LUT2 (Prop_lut2_I1_O)        0.124    10.431 r  U_butterfly/core/MR1/i__carry__2_i_9/O
                         net (fo=11, routed)          0.655    11.085    U_butterfly/core/MR1/i__carry__2_i_9_n_0
    SLICE_X81Y119        LUT6 (Prop_lut6_I5_O)        0.124    11.209 r  U_butterfly/core/MR1/i__carry__2_i_7__0/O
                         net (fo=1, routed)           0.000    11.209    U_butterfly/core/MR1_n_188
    SLICE_X81Y119        CARRY4 (Prop_carry4_S[1]_CO[3])
                                                      0.550    11.759 r  U_butterfly/core/_inferred__4/i__carry__2/CO[3]
                         net (fo=1, routed)           0.000    11.759    U_butterfly/core/_inferred__4/i__carry__2_n_0
    SLICE_X81Y120        CARRY4 (Prop_carry4_CI_CO[3])
                                                      0.114    11.873 r  U_butterfly/core/_inferred__4/i__carry__3/CO[3]
                         net (fo=1, routed)           0.000    11.873    U_butterfly/core/_inferred__4/i__carry__3_n_0
    SLICE_X81Y121        CARRY4 (Prop_carry4_CI_CO[3])
                                                      0.114    11.987 r  U_butterfly/core/_inferred__4/i__carry__4/CO[3]
                         net (fo=1, routed)           0.000    11.987    U_butterfly/core/_inferred__4/i__carry__4_n_0
    SLICE_X81Y122        CARRY4 (Prop_carry4_CI_CO[3])
                                                      0.114    12.101 r  U_butterfly/core/_inferred__4/i__carry__5/CO[3]
                         net (fo=1, routed)           0.000    12.101    U_butterfly/core/_inferred__4/i__carry__5_n_0
    SLICE_X81Y123        CARRY4 (Prop_carry4_CI_O[1])
                                                      0.334    12.435 r  U_butterfly/core/_inferred__4/i__carry__6/O[1]
                         net (fo=1, routed)           1.156    13.592    U_butterfly/core/MR1/out2_reg[31]_0[1]
    SLICE_X81Y115        LUT3 (Prop_lut3_I0_O)        0.331    13.923 r  U_butterfly/core/MR1/out2[29]_i_1/O
                         net (fo=1, routed)           0.382    14.305    U_butterfly/core/out2_pre[29]
    SLICE_X81Y116        FDRE                                         r  U_butterfly/core/out2_reg[29]/D
  -------------------------------------------------------------------    -------------------

                         (clock usb_clk rise edge)   10.000    10.000 r  
    F5                                                0.000    10.000 r  usb_clk (IN)
                         net (fo=0)                   0.000    10.000    usb_clk
    F5                   IBUF (Prop_ibuf_I_O)         1.391    11.391 r  usb_clk_IBUF_inst/O
                         net (fo=1, routed)           1.920    13.311    usb_clk_IBUF
    BUFGCTRL_X0Y16       BUFG (Prop_bufg_I_O)         0.091    13.402 r  U_usb_clk_buf/O
                         net (fo=846, routed)         1.580    14.981    U_butterfly/core/tio_clkout_OBUF
    SLICE_X81Y116        FDRE                                         r  U_butterfly/core/out2_reg[29]/C
                         clock pessimism              0.259    15.241    
                         clock uncertainty           -0.035    15.205    
    SLICE_X81Y116        FDRE (Setup_fdre_C_D)       -0.269    14.936    U_butterfly/core/out2_reg[29]
  -------------------------------------------------------------------
                         required time                         14.936    
                         arrival time                         -14.305    
  -------------------------------------------------------------------
                         slack                                  0.631    

Slack (MET) :             1.089ns  (required time - arrival time)
  Source:                 U_butterfly/core/MR1/r_s4_reg[17]/C
                            (rising edge-triggered cell FDRE clocked by usb_clk  {rise@0.000ns fall@5.000ns period=10.000ns})
  Destination:            U_butterfly/core/out2_reg[23]/D
                            (rising edge-triggered cell FDRE clocked by usb_clk  {rise@0.000ns fall@5.000ns period=10.000ns})
  Path Group:             usb_clk
  Path Type:              Setup (Max at Slow Process Corner)
  Requirement:            10.000ns  (usb_clk rise@10.000ns - usb_clk rise@0.000ns)
  Data Path Delay:        8.788ns  (logic 3.128ns (35.593%)  route 5.660ns (64.407%))
  Logic Levels:           10  (CARRY4=5 LUT2=1 LUT3=2 LUT6=2)
  Clock Path Skew:        -0.029ns (DCD - SCD + CPR)
    Destination Clock Delay (DCD):    4.980ns = ( 14.980 - 10.000 ) 
    Source Clock Delay      (SCD):    5.285ns
    Clock Pessimism Removal (CPR):    0.275ns
  Clock Uncertainty:      0.035ns  ((TSJ^2 + TIJ^2)^1/2 + DJ) / 2 + PE
    Total System Jitter     (TSJ):    0.071ns
    Total Input Jitter      (TIJ):    0.000ns
    Discrete Jitter          (DJ):    0.000ns
    Phase Error              (PE):    0.000ns

    Location             Delay type                Incr(ns)  Path(ns)    Netlist Resource(s)
  -------------------------------------------------------------------    -------------------
                         (clock usb_clk rise edge)    0.000     0.000 r  
    F5                                                0.000     0.000 r  usb_clk (IN)
                         net (fo=0)                   0.000     0.000    usb_clk
    F5                   IBUF (Prop_ibuf_I_O)         1.461     1.461 r  usb_clk_IBUF_inst/O
                         net (fo=1, routed)           2.025     3.486    usb_clk_IBUF
    BUFGCTRL_X0Y16       BUFG (Prop_bufg_I_O)         0.096     3.582 r  U_usb_clk_buf/O
                         net (fo=846, routed)         1.703     5.285    U_butterfly/core/MR1/tio_clkout_OBUF
    SLICE_X83Y118        FDRE                                         r  U_butterfly/core/MR1/r_s4_reg[17]/C
  -------------------------------------------------------------------    -------------------
    SLICE_X83Y118        FDRE (Prop_fdre_C_Q)         0.456     5.741 f  U_butterfly/core/MR1/r_s4_reg[17]/Q
                         net (fo=6, routed)           1.329     7.070    U_butterfly/core/MR1/r_s4_reg[31]_0[17]
    SLICE_X78Y122        LUT3 (Prop_lut3_I0_O)        0.146     7.216 f  U_butterfly/core/MR1/sub_aligned1_carry__1_i_12/O
                         net (fo=1, routed)           0.469     7.685    U_butterfly/core/MR1/sub_aligned1_carry__1_i_12_n_0
    SLICE_X78Y122        LUT6 (Prop_lut6_I4_O)        0.328     8.013 r  U_butterfly/core/MR1/sub_aligned1_carry__1_i_4/O
                         net (fo=1, routed)           0.621     8.634    U_butterfly/core/MR1_n_53
    SLICE_X80Y119        CARRY4 (Prop_carry4_DI[0]_CO[3])
                                                      0.550     9.184 r  U_butterfly/core/sub_aligned1_carry__1/CO[3]
                         net (fo=1, routed)           0.000     9.184    U_butterfly/core/sub_aligned1_carry__1_n_0
    SLICE_X80Y120        CARRY4 (Prop_carry4_CI_CO[3])
                                                      0.117     9.301 f  U_butterfly/core/sub_aligned1_carry__2/CO[3]
                         net (fo=16, routed)          1.006    10.307    U_butterfly/core/MR1/CO[0]
    SLICE_X77Y119        LUT2 (Prop_lut2_I1_O)        0.124    10.431 r  U_butterfly/core/MR1/i__carry__2_i_9/O
                         net (fo=11, routed)          0.655    11.085    U_butterfly/core/MR1/i__carry__2_i_9_n_0
    SLICE_X81Y119        LUT6 (Prop_lut6_I5_O)        0.124    11.209 r  U_butterfly/core/MR1/i__carry__2_i_7__0/O
                         net (fo=1, routed)           0.000    11.209    U_butterfly/core/MR1_n_188
    SLICE_X81Y119        CARRY4 (Prop_carry4_S[1]_CO[3])
                                                      0.550    11.759 r  U_butterfly/core/_inferred__4/i__carry__2/CO[3]
                         net (fo=1, routed)           0.000    11.759    U_butterfly/core/_inferred__4/i__carry__2_n_0
    SLICE_X81Y120        CARRY4 (Prop_carry4_CI_CO[3])
                                                      0.114    11.873 r  U_butterfly/core/_inferred__4/i__carry__3/CO[3]
                         net (fo=1, routed)           0.000    11.873    U_butterfly/core/_inferred__4/i__carry__3_n_0
    SLICE_X81Y121        CARRY4 (Prop_carry4_CI_O[3])
                                                      0.313    12.186 r  U_butterfly/core/_inferred__4/i__carry__4/O[3]
                         net (fo=1, routed)           0.817    13.003    U_butterfly/core/sub_aligned[23]
    SLICE_X83Y123        LUT3 (Prop_lut3_I0_O)        0.306    13.309 r  U_butterfly/core/out2[23]_i_1/O
                         net (fo=1, routed)           0.763    14.073    U_butterfly/core/out2_pre[23]
    SLICE_X83Y123        FDRE                                         r  U_butterfly/core/out2_reg[23]/D
  -------------------------------------------------------------------    -------------------

                         (clock usb_clk rise edge)   10.000    10.000 r  
    F5                                                0.000    10.000 r  usb_clk (IN)
                         net (fo=0)                   0.000    10.000    usb_clk
    F5                   IBUF (Prop_ibuf_I_O)         1.391    11.391 r  usb_clk_IBUF_inst/O
                         net (fo=1, routed)           1.920    13.311    usb_clk_IBUF
    BUFGCTRL_X0Y16       BUFG (Prop_bufg_I_O)         0.091    13.402 r  U_usb_clk_buf/O
                         net (fo=846, routed)         1.579    14.980    U_butterfly/core/tio_clkout_OBUF
    SLICE_X83Y123        FDRE                                         r  U_butterfly/core/out2_reg[23]/C
                         clock pessimism              0.275    15.256    
                         clock uncertainty           -0.035    15.220    
    SLICE_X83Y123        FDRE (Setup_fdre_C_D)       -0.058    15.162    U_butterfly/core/out2_reg[23]
  -------------------------------------------------------------------
                         required time                         15.162    
                         arrival time                         -14.073    
  -------------------------------------------------------------------
                         slack                                  1.089    

Slack (MET) :             1.093ns  (required time - arrival time)
  Source:                 U_butterfly/core/MR1/m_s1_reg/CLK
                            (rising edge-triggered cell DSP48E1 clocked by usb_clk  {rise@0.000ns fall@5.000ns period=10.000ns})
  Destination:            U_butterfly/core/MR1/mq_s2_reg/PCIN[0]
                            (rising edge-triggered cell DSP48E1 clocked by usb_clk  {rise@0.000ns fall@5.000ns period=10.000ns})
  Path Group:             usb_clk
  Path Type:              Setup (Max at Slow Process Corner)
  Requirement:            10.000ns  (usb_clk rise@10.000ns - usb_clk rise@0.000ns)
  Data Path Delay:        7.439ns  (logic 5.584ns (75.060%)  route 1.855ns (24.940%))
  Logic Levels:           6  (CARRY4=4 DSP48E1=1 LUT2=1)
  Clock Path Skew:        -0.032ns (DCD - SCD + CPR)
    Destination Clock Delay (DCD):    4.973ns = ( 14.973 - 10.000 ) 
    Source Clock Delay      (SCD):    5.281ns
    Clock Pessimism Removal (CPR):    0.276ns
  Clock Uncertainty:      0.035ns  ((TSJ^2 + TIJ^2)^1/2 + DJ) / 2 + PE
    Total System Jitter     (TSJ):    0.071ns
    Total Input Jitter      (TIJ):    0.000ns
    Discrete Jitter          (DJ):    0.000ns
    Phase Error              (PE):    0.000ns

    Location             Delay type                Incr(ns)  Path(ns)    Netlist Resource(s)
  -------------------------------------------------------------------    -------------------
                         (clock usb_clk rise edge)    0.000     0.000 r  
    F5                                                0.000     0.000 r  usb_clk (IN)
                         net (fo=0)                   0.000     0.000    usb_clk
    F5                   IBUF (Prop_ibuf_I_O)         1.461     1.461 r  usb_clk_IBUF_inst/O
                         net (fo=1, routed)           2.025     3.486    usb_clk_IBUF
    BUFGCTRL_X0Y16       BUFG (Prop_bufg_I_O)         0.096     3.582 r  U_usb_clk_buf/O
                         net (fo=846, routed)         1.700     5.281    U_butterfly/core/MR1/tio_clkout_OBUF
    DSP48_X1Y41          DSP48E1                                      r  U_butterfly/core/MR1/m_s1_reg/CLK
  -------------------------------------------------------------------    -------------------
    DSP48_X1Y41          DSP48E1 (Prop_dsp48e1_CLK_P[0])
                                                      0.434     5.715 r  U_butterfly/core/MR1/m_s1_reg/P[0]
                         net (fo=2, routed)           1.154     6.869    U_butterfly/core/MR1/m_s1_reg_n_105
    SLICE_X57Y111        LUT2 (Prop_lut2_I0_O)        0.124     6.993 r  U_butterfly/core/MR1/mq_s20_i_19/O
                         net (fo=1, routed)           0.000     6.993    U_butterfly/core/MR1/mq_s20_i_19_n_0
    SLICE_X57Y111        CARRY4 (Prop_carry4_S[1]_CO[3])
                                                      0.550     7.543 r  U_butterfly/core/MR1/mq_s20_i_4/CO[3]
                         net (fo=1, routed)           0.000     7.543    U_butterfly/core/MR1/mq_s20_i_4_n_0
    SLICE_X57Y112        CARRY4 (Prop_carry4_CI_CO[3])
                                                      0.114     7.657 r  U_butterfly/core/MR1/mq_s20_i_3/CO[3]
                         net (fo=1, routed)           0.000     7.657    U_butterfly/core/MR1/mq_s20_i_3_n_0
    SLICE_X57Y113        CARRY4 (Prop_carry4_CI_CO[3])
                                                      0.114     7.771 r  U_butterfly/core/MR1/mq_s20_i_2/CO[3]
                         net (fo=1, routed)           0.000     7.771    U_butterfly/core/MR1/mq_s20_i_2_n_0
    SLICE_X57Y114        CARRY4 (Prop_carry4_CI_O[0])
                                                      0.222     7.993 r  U_butterfly/core/MR1/mq_s20_i_1/O[0]
                         net (fo=2, routed)           0.699     8.692    U_butterfly/core/MR1/m_s1_reg__1[28]
    DSP48_X1Y45          DSP48E1 (Prop_dsp48e1_B[11]_PCOUT[0])
                                                      4.026    12.718 r  U_butterfly/core/MR1/mq_s20/PCOUT[0]
                         net (fo=1, routed)           0.002    12.720    U_butterfly/core/MR1/mq_s20_n_153
    DSP48_X1Y46          DSP48E1                                      r  U_butterfly/core/MR1/mq_s2_reg/PCIN[0]
  -------------------------------------------------------------------    -------------------

                         (clock usb_clk rise edge)   10.000    10.000 r  
    F5                                                0.000    10.000 r  usb_clk (IN)
                         net (fo=0)                   0.000    10.000    usb_clk
    F5                   IBUF (Prop_ibuf_I_O)         1.391    11.391 r  usb_clk_IBUF_inst/O
                         net (fo=1, routed)           1.920    13.311    usb_clk_IBUF
    BUFGCTRL_X0Y16       BUFG (Prop_bufg_I_O)         0.091    13.402 r  U_usb_clk_buf/O
                         net (fo=846, routed)         1.571    14.973    U_butterfly/core/MR1/tio_clkout_OBUF
    DSP48_X1Y46          DSP48E1                                      r  U_butterfly/core/MR1/mq_s2_reg/CLK
                         clock pessimism              0.276    15.249    
                         clock uncertainty           -0.035    15.214    
    DSP48_X1Y46          DSP48E1 (Setup_dsp48e1_CLK_PCIN[0])
                                                     -1.400    13.814    U_butterfly/core/MR1/mq_s2_reg
  -------------------------------------------------------------------
                         required time                         13.814    
                         arrival time                         -12.720    
  -------------------------------------------------------------------
                         slack                                  1.093    

Slack (MET) :             1.093ns  (required time - arrival time)
  Source:                 U_butterfly/core/MR1/m_s1_reg/CLK
                            (rising edge-triggered cell DSP48E1 clocked by usb_clk  {rise@0.000ns fall@5.000ns period=10.000ns})
  Destination:            U_butterfly/core/MR1/mq_s2_reg/PCIN[10]
                            (rising edge-triggered cell DSP48E1 clocked by usb_clk  {rise@0.000ns fall@5.000ns period=10.000ns})
  Path Group:             usb_clk
  Path Type:              Setup (Max at Slow Process Corner)
  Requirement:            10.000ns  (usb_clk rise@10.000ns - usb_clk rise@0.000ns)
  Data Path Delay:        7.439ns  (logic 5.584ns (75.060%)  route 1.855ns (24.940%))
  Logic Levels:           6  (CARRY4=4 DSP48E1=1 LUT2=1)
  Clock Path Skew:        -0.032ns (DCD - SCD + CPR)
    Destination Clock Delay (DCD):    4.973ns = ( 14.973 - 10.000 ) 
    Source Clock Delay      (SCD):    5.281ns
    Clock Pessimism Removal (CPR):    0.276ns
  Clock Uncertainty:      0.035ns  ((TSJ^2 + TIJ^2)^1/2 + DJ) / 2 + PE
    Total System Jitter     (TSJ):    0.071ns
    Total Input Jitter      (TIJ):    0.000ns
    Discrete Jitter          (DJ):    0.000ns
    Phase Error              (PE):    0.000ns

    Location             Delay type                Incr(ns)  Path(ns)    Netlist Resource(s)
  -------------------------------------------------------------------    -------------------
                         (clock usb_clk rise edge)    0.000     0.000 r  
    F5                                                0.000     0.000 r  usb_clk (IN)
                         net (fo=0)                   0.000     0.000    usb_clk
    F5                   IBUF (Prop_ibuf_I_O)         1.461     1.461 r  usb_clk_IBUF_inst/O
                         net (fo=1, routed)           2.025     3.486    usb_clk_IBUF
    BUFGCTRL_X0Y16       BUFG (Prop_bufg_I_O)         0.096     3.582 r  U_usb_clk_buf/O
                         net (fo=846, routed)         1.700     5.281    U_butterfly/core/MR1/tio_clkout_OBUF
    DSP48_X1Y41          DSP48E1                                      r  U_butterfly/core/MR1/m_s1_reg/CLK
  -------------------------------------------------------------------    -------------------
    DSP48_X1Y41          DSP48E1 (Prop_dsp48e1_CLK_P[0])
                                                      0.434     5.715 r  U_butterfly/core/MR1/m_s1_reg/P[0]
                         net (fo=2, routed)           1.154     6.869    U_butterfly/core/MR1/m_s1_reg_n_105
    SLICE_X57Y111        LUT2 (Prop_lut2_I0_O)        0.124     6.993 r  U_butterfly/core/MR1/mq_s20_i_19/O
                         net (fo=1, routed)           0.000     6.993    U_butterfly/core/MR1/mq_s20_i_19_n_0
    SLICE_X57Y111        CARRY4 (Prop_carry4_S[1]_CO[3])
                                                      0.550     7.543 r  U_butterfly/core/MR1/mq_s20_i_4/CO[3]
                         net (fo=1, routed)           0.000     7.543    U_butterfly/core/MR1/mq_s20_i_4_n_0
    SLICE_X57Y112        CARRY4 (Prop_carry4_CI_CO[3])
                                                      0.114     7.657 r  U_butterfly/core/MR1/mq_s20_i_3/CO[3]
                         net (fo=1, routed)           0.000     7.657    U_butterfly/core/MR1/mq_s20_i_3_n_0
    SLICE_X57Y113        CARRY4 (Prop_carry4_CI_CO[3])
                                                      0.114     7.771 r  U_butterfly/core/MR1/mq_s20_i_2/CO[3]
                         net (fo=1, routed)           0.000     7.771    U_butterfly/core/MR1/mq_s20_i_2_n_0
    SLICE_X57Y114        CARRY4 (Prop_carry4_CI_O[0])
                                                      0.222     7.993 r  U_butterfly/core/MR1/mq_s20_i_1/O[0]
                         net (fo=2, routed)           0.699     8.692    U_butterfly/core/MR1/m_s1_reg__1[28]
    DSP48_X1Y45          DSP48E1 (Prop_dsp48e1_B[11]_PCOUT[10])
                                                      4.026    12.718 r  U_butterfly/core/MR1/mq_s20/PCOUT[10]
                         net (fo=1, routed)           0.002    12.720    U_butterfly/core/MR1/mq_s20_n_143
    DSP48_X1Y46          DSP48E1                                      r  U_butterfly/core/MR1/mq_s2_reg/PCIN[10]
  -------------------------------------------------------------------    -------------------

                         (clock usb_clk rise edge)   10.000    10.000 r  
    F5                                                0.000    10.000 r  usb_clk (IN)
                         net (fo=0)                   0.000    10.000    usb_clk
    F5                   IBUF (Prop_ibuf_I_O)         1.391    11.391 r  usb_clk_IBUF_inst/O
                         net (fo=1, routed)           1.920    13.311    usb_clk_IBUF
    BUFGCTRL_X0Y16       BUFG (Prop_bufg_I_O)         0.091    13.402 r  U_usb_clk_buf/O
                         net (fo=846, routed)         1.571    14.973    U_butterfly/core/MR1/tio_clkout_OBUF
    DSP48_X1Y46          DSP48E1                                      r  U_butterfly/core/MR1/mq_s2_reg/CLK
                         clock pessimism              0.276    15.249    
                         clock uncertainty           -0.035    15.214    
    DSP48_X1Y46          DSP48E1 (Setup_dsp48e1_CLK_PCIN[10])
                                                     -1.400    13.814    U_butterfly/core/MR1/mq_s2_reg
  -------------------------------------------------------------------
                         required time                         13.814    
                         arrival time                         -12.720    
  -------------------------------------------------------------------
                         slack                                  1.093    

Slack (MET) :             1.093ns  (required time - arrival time)
  Source:                 U_butterfly/core/MR1/m_s1_reg/CLK
                            (rising edge-triggered cell DSP48E1 clocked by usb_clk  {rise@0.000ns fall@5.000ns period=10.000ns})
  Destination:            U_butterfly/core/MR1/mq_s2_reg/PCIN[11]
                            (rising edge-triggered cell DSP48E1 clocked by usb_clk  {rise@0.000ns fall@5.000ns period=10.000ns})
  Path Group:             usb_clk
  Path Type:              Setup (Max at Slow Process Corner)
  Requirement:            10.000ns  (usb_clk rise@10.000ns - usb_clk rise@0.000ns)
  Data Path Delay:        7.439ns  (logic 5.584ns (75.060%)  route 1.855ns (24.940%))
  Logic Levels:           6  (CARRY4=4 DSP48E1=1 LUT2=1)
  Clock Path Skew:        -0.032ns (DCD - SCD + CPR)
    Destination Clock Delay (DCD):    4.973ns = ( 14.973 - 10.000 ) 
    Source Clock Delay      (SCD):    5.281ns
    Clock Pessimism Removal (CPR):    0.276ns
  Clock Uncertainty:      0.035ns  ((TSJ^2 + TIJ^2)^1/2 + DJ) / 2 + PE
    Total System Jitter     (TSJ):    0.071ns
    Total Input Jitter      (TIJ):    0.000ns
    Discrete Jitter          (DJ):    0.000ns
    Phase Error              (PE):    0.000ns

    Location             Delay type                Incr(ns)  Path(ns)    Netlist Resource(s)
  -------------------------------------------------------------------    -------------------
                         (clock usb_clk rise edge)    0.000     0.000 r  
    F5                                                0.000     0.000 r  usb_clk (IN)
                         net (fo=0)                   0.000     0.000    usb_clk
    F5                   IBUF (Prop_ibuf_I_O)         1.461     1.461 r  usb_clk_IBUF_inst/O
                         net (fo=1, routed)           2.025     3.486    usb_clk_IBUF
    BUFGCTRL_X0Y16       BUFG (Prop_bufg_I_O)         0.096     3.582 r  U_usb_clk_buf/O
                         net (fo=846, routed)         1.700     5.281    U_butterfly/core/MR1/tio_clkout_OBUF
    DSP48_X1Y41          DSP48E1                                      r  U_butterfly/core/MR1/m_s1_reg/CLK
  -------------------------------------------------------------------    -------------------
    DSP48_X1Y41          DSP48E1 (Prop_dsp48e1_CLK_P[0])
                                                      0.434     5.715 r  U_butterfly/core/MR1/m_s1_reg/P[0]
                         net (fo=2, routed)           1.154     6.869    U_butterfly/core/MR1/m_s1_reg_n_105
    SLICE_X57Y111        LUT2 (Prop_lut2_I0_O)        0.124     6.993 r  U_butterfly/core/MR1/mq_s20_i_19/O
                         net (fo=1, routed)           0.000     6.993    U_butterfly/core/MR1/mq_s20_i_19_n_0
    SLICE_X57Y111        CARRY4 (Prop_carry4_S[1]_CO[3])
                                                      0.550     7.543 r  U_butterfly/core/MR1/mq_s20_i_4/CO[3]
                         net (fo=1, routed)           0.000     7.543    U_butterfly/core/MR1/mq_s20_i_4_n_0
    SLICE_X57Y112        CARRY4 (Prop_carry4_CI_CO[3])
                                                      0.114     7.657 r  U_butterfly/core/MR1/mq_s20_i_3/CO[3]
                         net (fo=1, routed)           0.000     7.657    U_butterfly/core/MR1/mq_s20_i_3_n_0
    SLICE_X57Y113        CARRY4 (Prop_carry4_CI_CO[3])
                                                      0.114     7.771 r  U_butterfly/core/MR1/mq_s20_i_2/CO[3]
                         net (fo=1, routed)           0.000     7.771    U_butterfly/core/MR1/mq_s20_i_2_n_0
    SLICE_X57Y114        CARRY4 (Prop_carry4_CI_O[0])
                                                      0.222     7.993 r  U_butterfly/core/MR1/mq_s20_i_1/O[0]
                         net (fo=2, routed)           0.699     8.692    U_butterfly/core/MR1/m_s1_reg__1[28]
    DSP48_X1Y45          DSP48E1 (Prop_dsp48e1_B[11]_PCOUT[11])
                                                      4.026    12.718 r  U_butterfly/core/MR1/mq_s20/PCOUT[11]
                         net (fo=1, routed)           0.002    12.720    U_butterfly/core/MR1/mq_s20_n_142
    DSP48_X1Y46          DSP48E1                                      r  U_butterfly/core/MR1/mq_s2_reg/PCIN[11]
  -------------------------------------------------------------------    -------------------

                         (clock usb_clk rise edge)   10.000    10.000 r  
    F5                                                0.000    10.000 r  usb_clk (IN)
                         net (fo=0)                   0.000    10.000    usb_clk
    F5                   IBUF (Prop_ibuf_I_O)         1.391    11.391 r  usb_clk_IBUF_inst/O
                         net (fo=1, routed)           1.920    13.311    usb_clk_IBUF
    BUFGCTRL_X0Y16       BUFG (Prop_bufg_I_O)         0.091    13.402 r  U_usb_clk_buf/O
                         net (fo=846, routed)         1.571    14.973    U_butterfly/core/MR1/tio_clkout_OBUF
    DSP48_X1Y46          DSP48E1                                      r  U_butterfly/core/MR1/mq_s2_reg/CLK
                         clock pessimism              0.276    15.249    
                         clock uncertainty           -0.035    15.214    
    DSP48_X1Y46          DSP48E1 (Setup_dsp48e1_CLK_PCIN[11])
                                                     -1.400    13.814    U_butterfly/core/MR1/mq_s2_reg
  -------------------------------------------------------------------
                         required time                         13.814    
                         arrival time                         -12.720    
  -------------------------------------------------------------------
                         slack                                  1.093    

Slack (MET) :             1.093ns  (required time - arrival time)
  Source:                 U_butterfly/core/MR1/m_s1_reg/CLK
                            (rising edge-triggered cell DSP48E1 clocked by usb_clk  {rise@0.000ns fall@5.000ns period=10.000ns})
  Destination:            U_butterfly/core/MR1/mq_s2_reg/PCIN[12]
                            (rising edge-triggered cell DSP48E1 clocked by usb_clk  {rise@0.000ns fall@5.000ns period=10.000ns})
  Path Group:             usb_clk
  Path Type:              Setup (Max at Slow Process Corner)
  Requirement:            10.000ns  (usb_clk rise@10.000ns - usb_clk rise@0.000ns)
  Data Path Delay:        7.439ns  (logic 5.584ns (75.060%)  route 1.855ns (24.940%))
  Logic Levels:           6  (CARRY4=4 DSP48E1=1 LUT2=1)
  Clock Path Skew:        -0.032ns (DCD - SCD + CPR)
    Destination Clock Delay (DCD):    4.973ns = ( 14.973 - 10.000 ) 
    Source Clock Delay      (SCD):    5.281ns
    Clock Pessimism Removal (CPR):    0.276ns
  Clock Uncertainty:      0.035ns  ((TSJ^2 + TIJ^2)^1/2 + DJ) / 2 + PE
    Total System Jitter     (TSJ):    0.071ns
    Total Input Jitter      (TIJ):    0.000ns
    Discrete Jitter          (DJ):    0.000ns
    Phase Error              (PE):    0.000ns

    Location             Delay type                Incr(ns)  Path(ns)    Netlist Resource(s)
  -------------------------------------------------------------------    -------------------
                         (clock usb_clk rise edge)    0.000     0.000 r  
    F5                                                0.000     0.000 r  usb_clk (IN)
                         net (fo=0)                   0.000     0.000    usb_clk
    F5                   IBUF (Prop_ibuf_I_O)         1.461     1.461 r  usb_clk_IBUF_inst/O
                         net (fo=1, routed)           2.025     3.486    usb_clk_IBUF
    BUFGCTRL_X0Y16       BUFG (Prop_bufg_I_O)         0.096     3.582 r  U_usb_clk_buf/O
                         net (fo=846, routed)         1.700     5.281    U_butterfly/core/MR1/tio_clkout_OBUF
    DSP48_X1Y41          DSP48E1                                      r  U_butterfly/core/MR1/m_s1_reg/CLK
  -------------------------------------------------------------------    -------------------
    DSP48_X1Y41          DSP48E1 (Prop_dsp48e1_CLK_P[0])
                                                      0.434     5.715 r  U_butterfly/core/MR1/m_s1_reg/P[0]
                         net (fo=2, routed)           1.154     6.869    U_butterfly/core/MR1/m_s1_reg_n_105
    SLICE_X57Y111        LUT2 (Prop_lut2_I0_O)        0.124     6.993 r  U_butterfly/core/MR1/mq_s20_i_19/O
                         net (fo=1, routed)           0.000     6.993    U_butterfly/core/MR1/mq_s20_i_19_n_0
    SLICE_X57Y111        CARRY4 (Prop_carry4_S[1]_CO[3])
                                                      0.550     7.543 r  U_butterfly/core/MR1/mq_s20_i_4/CO[3]
                         net (fo=1, routed)           0.000     7.543    U_butterfly/core/MR1/mq_s20_i_4_n_0
    SLICE_X57Y112        CARRY4 (Prop_carry4_CI_CO[3])
                                                      0.114     7.657 r  U_butterfly/core/MR1/mq_s20_i_3/CO[3]
                         net (fo=1, routed)           0.000     7.657    U_butterfly/core/MR1/mq_s20_i_3_n_0
    SLICE_X57Y113        CARRY4 (Prop_carry4_CI_CO[3])
                                                      0.114     7.771 r  U_butterfly/core/MR1/mq_s20_i_2/CO[3]
                         net (fo=1, routed)           0.000     7.771    U_butterfly/core/MR1/mq_s20_i_2_n_0
    SLICE_X57Y114        CARRY4 (Prop_carry4_CI_O[0])
                                                      0.222     7.993 r  U_butterfly/core/MR1/mq_s20_i_1/O[0]
                         net (fo=2, routed)           0.699     8.692    U_butterfly/core/MR1/m_s1_reg__1[28]
    DSP48_X1Y45          DSP48E1 (Prop_dsp48e1_B[11]_PCOUT[12])
                                                      4.026    12.718 r  U_butterfly/core/MR1/mq_s20/PCOUT[12]
                         net (fo=1, routed)           0.002    12.720    U_butterfly/core/MR1/mq_s20_n_141
    DSP48_X1Y46          DSP48E1                                      r  U_butterfly/core/MR1/mq_s2_reg/PCIN[12]
  -------------------------------------------------------------------    -------------------

                         (clock usb_clk rise edge)   10.000    10.000 r  
    F5                                                0.000    10.000 r  usb_clk (IN)
                         net (fo=0)                   0.000    10.000    usb_clk
    F5                   IBUF (Prop_ibuf_I_O)         1.391    11.391 r  usb_clk_IBUF_inst/O
                         net (fo=1, routed)           1.920    13.311    usb_clk_IBUF
    BUFGCTRL_X0Y16       BUFG (Prop_bufg_I_O)         0.091    13.402 r  U_usb_clk_buf/O
                         net (fo=846, routed)         1.571    14.973    U_butterfly/core/MR1/tio_clkout_OBUF
    DSP48_X1Y46          DSP48E1                                      r  U_butterfly/core/MR1/mq_s2_reg/CLK
                         clock pessimism              0.276    15.249    
                         clock uncertainty           -0.035    15.214    
    DSP48_X1Y46          DSP48E1 (Setup_dsp48e1_CLK_PCIN[12])
                                                     -1.400    13.814    U_butterfly/core/MR1/mq_s2_reg
  -------------------------------------------------------------------
                         required time                         13.814    
                         arrival time                         -12.720    
  -------------------------------------------------------------------
                         slack                                  1.093    

Slack (MET) :             1.093ns  (required time - arrival time)
  Source:                 U_butterfly/core/MR1/m_s1_reg/CLK
                            (rising edge-triggered cell DSP48E1 clocked by usb_clk  {rise@0.000ns fall@5.000ns period=10.000ns})
  Destination:            U_butterfly/core/MR1/mq_s2_reg/PCIN[13]
                            (rising edge-triggered cell DSP48E1 clocked by usb_clk  {rise@0.000ns fall@5.000ns period=10.000ns})
  Path Group:             usb_clk
  Path Type:              Setup (Max at Slow Process Corner)
  Requirement:            10.000ns  (usb_clk rise@10.000ns - usb_clk rise@0.000ns)
  Data Path Delay:        7.439ns  (logic 5.584ns (75.060%)  route 1.855ns (24.940%))
  Logic Levels:           6  (CARRY4=4 DSP48E1=1 LUT2=1)
  Clock Path Skew:        -0.032ns (DCD - SCD + CPR)
    Destination Clock Delay (DCD):    4.973ns = ( 14.973 - 10.000 ) 
    Source Clock Delay      (SCD):    5.281ns
    Clock Pessimism Removal (CPR):    0.276ns
  Clock Uncertainty:      0.035ns  ((TSJ^2 + TIJ^2)^1/2 + DJ) / 2 + PE
    Total System Jitter     (TSJ):    0.071ns
    Total Input Jitter      (TIJ):    0.000ns
    Discrete Jitter          (DJ):    0.000ns
    Phase Error              (PE):    0.000ns

    Location             Delay type                Incr(ns)  Path(ns)    Netlist Resource(s)
  -------------------------------------------------------------------    -------------------
                         (clock usb_clk rise edge)    0.000     0.000 r  
    F5                                                0.000     0.000 r  usb_clk (IN)
                         net (fo=0)                   0.000     0.000    usb_clk
    F5                   IBUF (Prop_ibuf_I_O)         1.461     1.461 r  usb_clk_IBUF_inst/O
                         net (fo=1, routed)           2.025     3.486    usb_clk_IBUF
    BUFGCTRL_X0Y16       BUFG (Prop_bufg_I_O)         0.096     3.582 r  U_usb_clk_buf/O
                         net (fo=846, routed)         1.700     5.281    U_butterfly/core/MR1/tio_clkout_OBUF
    DSP48_X1Y41          DSP48E1                                      r  U_butterfly/core/MR1/m_s1_reg/CLK
  -------------------------------------------------------------------    -------------------
    DSP48_X1Y41          DSP48E1 (Prop_dsp48e1_CLK_P[0])
                                                      0.434     5.715 r  U_butterfly/core/MR1/m_s1_reg/P[0]
                         net (fo=2, routed)           1.154     6.869    U_butterfly/core/MR1/m_s1_reg_n_105
    SLICE_X57Y111        LUT2 (Prop_lut2_I0_O)        0.124     6.993 r  U_butterfly/core/MR1/mq_s20_i_19/O
                         net (fo=1, routed)           0.000     6.993    U_butterfly/core/MR1/mq_s20_i_19_n_0
    SLICE_X57Y111        CARRY4 (Prop_carry4_S[1]_CO[3])
                                                      0.550     7.543 r  U_butterfly/core/MR1/mq_s20_i_4/CO[3]
                         net (fo=1, routed)           0.000     7.543    U_butterfly/core/MR1/mq_s20_i_4_n_0
    SLICE_X57Y112        CARRY4 (Prop_carry4_CI_CO[3])
                                                      0.114     7.657 r  U_butterfly/core/MR1/mq_s20_i_3/CO[3]
                         net (fo=1, routed)           0.000     7.657    U_butterfly/core/MR1/mq_s20_i_3_n_0
    SLICE_X57Y113        CARRY4 (Prop_carry4_CI_CO[3])
                                                      0.114     7.771 r  U_butterfly/core/MR1/mq_s20_i_2/CO[3]
                         net (fo=1, routed)           0.000     7.771    U_butterfly/core/MR1/mq_s20_i_2_n_0
    SLICE_X57Y114        CARRY4 (Prop_carry4_CI_O[0])
                                                      0.222     7.993 r  U_butterfly/core/MR1/mq_s20_i_1/O[0]
                         net (fo=2, routed)           0.699     8.692    U_butterfly/core/MR1/m_s1_reg__1[28]
    DSP48_X1Y45          DSP48E1 (Prop_dsp48e1_B[11]_PCOUT[13])
                                                      4.026    12.718 r  U_butterfly/core/MR1/mq_s20/PCOUT[13]
                         net (fo=1, routed)           0.002    12.720    U_butterfly/core/MR1/mq_s20_n_140
    DSP48_X1Y46          DSP48E1                                      r  U_butterfly/core/MR1/mq_s2_reg/PCIN[13]
  -------------------------------------------------------------------    -------------------

                         (clock usb_clk rise edge)   10.000    10.000 r  
    F5                                                0.000    10.000 r  usb_clk (IN)
                         net (fo=0)                   0.000    10.000    usb_clk
    F5                   IBUF (Prop_ibuf_I_O)         1.391    11.391 r  usb_clk_IBUF_inst/O
                         net (fo=1, routed)           1.920    13.311    usb_clk_IBUF
    BUFGCTRL_X0Y16       BUFG (Prop_bufg_I_O)         0.091    13.402 r  U_usb_clk_buf/O
                         net (fo=846, routed)         1.571    14.973    U_butterfly/core/MR1/tio_clkout_OBUF
    DSP48_X1Y46          DSP48E1                                      r  U_butterfly/core/MR1/mq_s2_reg/CLK
                         clock pessimism              0.276    15.249    
                         clock uncertainty           -0.035    15.214    
    DSP48_X1Y46          DSP48E1 (Setup_dsp48e1_CLK_PCIN[13])
                                                     -1.400    13.814    U_butterfly/core/MR1/mq_s2_reg
  -------------------------------------------------------------------
                         required time                         13.814    
                         arrival time                         -12.720    
  -------------------------------------------------------------------
                         slack                                  1.093    

Slack (MET) :             1.093ns  (required time - arrival time)
  Source:                 U_butterfly/core/MR1/m_s1_reg/CLK
                            (rising edge-triggered cell DSP48E1 clocked by usb_clk  {rise@0.000ns fall@5.000ns period=10.000ns})
  Destination:            U_butterfly/core/MR1/mq_s2_reg/PCIN[14]
                            (rising edge-triggered cell DSP48E1 clocked by usb_clk  {rise@0.000ns fall@5.000ns period=10.000ns})
  Path Group:             usb_clk
  Path Type:              Setup (Max at Slow Process Corner)
  Requirement:            10.000ns  (usb_clk rise@10.000ns - usb_clk rise@0.000ns)
  Data Path Delay:        7.439ns  (logic 5.584ns (75.060%)  route 1.855ns (24.940%))
  Logic Levels:           6  (CARRY4=4 DSP48E1=1 LUT2=1)
  Clock Path Skew:        -0.032ns (DCD - SCD + CPR)
    Destination Clock Delay (DCD):    4.973ns = ( 14.973 - 10.000 ) 
    Source Clock Delay      (SCD):    5.281ns
    Clock Pessimism Removal (CPR):    0.276ns
  Clock Uncertainty:      0.035ns  ((TSJ^2 + TIJ^2)^1/2 + DJ) / 2 + PE
    Total System Jitter     (TSJ):    0.071ns
    Total Input Jitter      (TIJ):    0.000ns
    Discrete Jitter          (DJ):    0.000ns
    Phase Error              (PE):    0.000ns

    Location             Delay type                Incr(ns)  Path(ns)    Netlist Resource(s)
  -------------------------------------------------------------------    -------------------
                         (clock usb_clk rise edge)    0.000     0.000 r  
    F5                                                0.000     0.000 r  usb_clk (IN)
                         net (fo=0)                   0.000     0.000    usb_clk
    F5                   IBUF (Prop_ibuf_I_O)         1.461     1.461 r  usb_clk_IBUF_inst/O
                         net (fo=1, routed)           2.025     3.486    usb_clk_IBUF
    BUFGCTRL_X0Y16       BUFG (Prop_bufg_I_O)         0.096     3.582 r  U_usb_clk_buf/O
                         net (fo=846, routed)         1.700     5.281    U_butterfly/core/MR1/tio_clkout_OBUF
    DSP48_X1Y41          DSP48E1                                      r  U_butterfly/core/MR1/m_s1_reg/CLK
  -------------------------------------------------------------------    -------------------
    DSP48_X1Y41          DSP48E1 (Prop_dsp48e1_CLK_P[0])
                                                      0.434     5.715 r  U_butterfly/core/MR1/m_s1_reg/P[0]
                         net (fo=2, routed)           1.154     6.869    U_butterfly/core/MR1/m_s1_reg_n_105
    SLICE_X57Y111        LUT2 (Prop_lut2_I0_O)        0.124     6.993 r  U_butterfly/core/MR1/mq_s20_i_19/O
                         net (fo=1, routed)           0.000     6.993    U_butterfly/core/MR1/mq_s20_i_19_n_0
    SLICE_X57Y111        CARRY4 (Prop_carry4_S[1]_CO[3])
                                                      0.550     7.543 r  U_butterfly/core/MR1/mq_s20_i_4/CO[3]
                         net (fo=1, routed)           0.000     7.543    U_butterfly/core/MR1/mq_s20_i_4_n_0
    SLICE_X57Y112        CARRY4 (Prop_carry4_CI_CO[3])
                                                      0.114     7.657 r  U_butterfly/core/MR1/mq_s20_i_3/CO[3]
                         net (fo=1, routed)           0.000     7.657    U_butterfly/core/MR1/mq_s20_i_3_n_0
    SLICE_X57Y113        CARRY4 (Prop_carry4_CI_CO[3])
                                                      0.114     7.771 r  U_butterfly/core/MR1/mq_s20_i_2/CO[3]
                         net (fo=1, routed)           0.000     7.771    U_butterfly/core/MR1/mq_s20_i_2_n_0
    SLICE_X57Y114        CARRY4 (Prop_carry4_CI_O[0])
                                                      0.222     7.993 r  U_butterfly/core/MR1/mq_s20_i_1/O[0]
                         net (fo=2, routed)           0.699     8.692    U_butterfly/core/MR1/m_s1_reg__1[28]
    DSP48_X1Y45          DSP48E1 (Prop_dsp48e1_B[11]_PCOUT[14])
                                                      4.026    12.718 r  U_butterfly/core/MR1/mq_s20/PCOUT[14]
                         net (fo=1, routed)           0.002    12.720    U_butterfly/core/MR1/mq_s20_n_139
    DSP48_X1Y46          DSP48E1                                      r  U_butterfly/core/MR1/mq_s2_reg/PCIN[14]
  -------------------------------------------------------------------    -------------------

                         (clock usb_clk rise edge)   10.000    10.000 r  
    F5                                                0.000    10.000 r  usb_clk (IN)
                         net (fo=0)                   0.000    10.000    usb_clk
    F5                   IBUF (Prop_ibuf_I_O)         1.391    11.391 r  usb_clk_IBUF_inst/O
                         net (fo=1, routed)           1.920    13.311    usb_clk_IBUF
    BUFGCTRL_X0Y16       BUFG (Prop_bufg_I_O)         0.091    13.402 r  U_usb_clk_buf/O
                         net (fo=846, routed)         1.571    14.973    U_butterfly/core/MR1/tio_clkout_OBUF
    DSP48_X1Y46          DSP48E1                                      r  U_butterfly/core/MR1/mq_s2_reg/CLK
                         clock pessimism              0.276    15.249    
                         clock uncertainty           -0.035    15.214    
    DSP48_X1Y46          DSP48E1 (Setup_dsp48e1_CLK_PCIN[14])
                                                     -1.400    13.814    U_butterfly/core/MR1/mq_s2_reg
  -------------------------------------------------------------------
                         required time                         13.814    
                         arrival time                         -12.720    
  -------------------------------------------------------------------
                         slack                                  1.093    

Slack (MET) :             1.093ns  (required time - arrival time)
  Source:                 U_butterfly/core/MR1/m_s1_reg/CLK
                            (rising edge-triggered cell DSP48E1 clocked by usb_clk  {rise@0.000ns fall@5.000ns period=10.000ns})
  Destination:            U_butterfly/core/MR1/mq_s2_reg/PCIN[15]
                            (rising edge-triggered cell DSP48E1 clocked by usb_clk  {rise@0.000ns fall@5.000ns period=10.000ns})
  Path Group:             usb_clk
  Path Type:              Setup (Max at Slow Process Corner)
  Requirement:            10.000ns  (usb_clk rise@10.000ns - usb_clk rise@0.000ns)
  Data Path Delay:        7.439ns  (logic 5.584ns (75.060%)  route 1.855ns (24.940%))
  Logic Levels:           6  (CARRY4=4 DSP48E1=1 LUT2=1)
  Clock Path Skew:        -0.032ns (DCD - SCD + CPR)
    Destination Clock Delay (DCD):    4.973ns = ( 14.973 - 10.000 ) 
    Source Clock Delay      (SCD):    5.281ns
    Clock Pessimism Removal (CPR):    0.276ns
  Clock Uncertainty:      0.035ns  ((TSJ^2 + TIJ^2)^1/2 + DJ) / 2 + PE
    Total System Jitter     (TSJ):    0.071ns
    Total Input Jitter      (TIJ):    0.000ns
    Discrete Jitter          (DJ):    0.000ns
    Phase Error              (PE):    0.000ns

    Location             Delay type                Incr(ns)  Path(ns)    Netlist Resource(s)
  -------------------------------------------------------------------    -------------------
                         (clock usb_clk rise edge)    0.000     0.000 r  
    F5                                                0.000     0.000 r  usb_clk (IN)
                         net (fo=0)                   0.000     0.000    usb_clk
    F5                   IBUF (Prop_ibuf_I_O)         1.461     1.461 r  usb_clk_IBUF_inst/O
                         net (fo=1, routed)           2.025     3.486    usb_clk_IBUF
    BUFGCTRL_X0Y16       BUFG (Prop_bufg_I_O)         0.096     3.582 r  U_usb_clk_buf/O
                         net (fo=846, routed)         1.700     5.281    U_butterfly/core/MR1/tio_clkout_OBUF
    DSP48_X1Y41          DSP48E1                                      r  U_butterfly/core/MR1/m_s1_reg/CLK
  -------------------------------------------------------------------    -------------------
    DSP48_X1Y41          DSP48E1 (Prop_dsp48e1_CLK_P[0])
                                                      0.434     5.715 r  U_butterfly/core/MR1/m_s1_reg/P[0]
                         net (fo=2, routed)           1.154     6.869    U_butterfly/core/MR1/m_s1_reg_n_105
    SLICE_X57Y111        LUT2 (Prop_lut2_I0_O)        0.124     6.993 r  U_butterfly/core/MR1/mq_s20_i_19/O
                         net (fo=1, routed)           0.000     6.993    U_butterfly/core/MR1/mq_s20_i_19_n_0
    SLICE_X57Y111        CARRY4 (Prop_carry4_S[1]_CO[3])
                                                      0.550     7.543 r  U_butterfly/core/MR1/mq_s20_i_4/CO[3]
                         net (fo=1, routed)           0.000     7.543    U_butterfly/core/MR1/mq_s20_i_4_n_0
    SLICE_X57Y112        CARRY4 (Prop_carry4_CI_CO[3])
                                                      0.114     7.657 r  U_butterfly/core/MR1/mq_s20_i_3/CO[3]
                         net (fo=1, routed)           0.000     7.657    U_butterfly/core/MR1/mq_s20_i_3_n_0
    SLICE_X57Y113        CARRY4 (Prop_carry4_CI_CO[3])
                                                      0.114     7.771 r  U_butterfly/core/MR1/mq_s20_i_2/CO[3]
                         net (fo=1, routed)           0.000     7.771    U_butterfly/core/MR1/mq_s20_i_2_n_0
    SLICE_X57Y114        CARRY4 (Prop_carry4_CI_O[0])
                                                      0.222     7.993 r  U_butterfly/core/MR1/mq_s20_i_1/O[0]
                         net (fo=2, routed)           0.699     8.692    U_butterfly/core/MR1/m_s1_reg__1[28]
    DSP48_X1Y45          DSP48E1 (Prop_dsp48e1_B[11]_PCOUT[15])
                                                      4.026    12.718 r  U_butterfly/core/MR1/mq_s20/PCOUT[15]
                         net (fo=1, routed)           0.002    12.720    U_butterfly/core/MR1/mq_s20_n_138
    DSP48_X1Y46          DSP48E1                                      r  U_butterfly/core/MR1/mq_s2_reg/PCIN[15]
  -------------------------------------------------------------------    -------------------

                         (clock usb_clk rise edge)   10.000    10.000 r  
    F5                                                0.000    10.000 r  usb_clk (IN)
                         net (fo=0)                   0.000    10.000    usb_clk
    F5                   IBUF (Prop_ibuf_I_O)         1.391    11.391 r  usb_clk_IBUF_inst/O
                         net (fo=1, routed)           1.920    13.311    usb_clk_IBUF
    BUFGCTRL_X0Y16       BUFG (Prop_bufg_I_O)         0.091    13.402 r  U_usb_clk_buf/O
                         net (fo=846, routed)         1.571    14.973    U_butterfly/core/MR1/tio_clkout_OBUF
    DSP48_X1Y46          DSP48E1                                      r  U_butterfly/core/MR1/mq_s2_reg/CLK
                         clock pessimism              0.276    15.249    
                         clock uncertainty           -0.035    15.214    
    DSP48_X1Y46          DSP48E1 (Setup_dsp48e1_CLK_PCIN[15])
                                                     -1.400    13.814    U_butterfly/core/MR1/mq_s2_reg
  -------------------------------------------------------------------
                         required time                         13.814    
                         arrival time                         -12.720    
  -------------------------------------------------------------------
                         slack                                  1.093    

Slack (MET) :             1.093ns  (required time - arrival time)
  Source:                 U_butterfly/core/MR1/m_s1_reg/CLK
                            (rising edge-triggered cell DSP48E1 clocked by usb_clk  {rise@0.000ns fall@5.000ns period=10.000ns})
  Destination:            U_butterfly/core/MR1/mq_s2_reg/PCIN[16]
                            (rising edge-triggered cell DSP48E1 clocked by usb_clk  {rise@0.000ns fall@5.000ns period=10.000ns})
  Path Group:             usb_clk
  Path Type:              Setup (Max at Slow Process Corner)
  Requirement:            10.000ns  (usb_clk rise@10.000ns - usb_clk rise@0.000ns)
  Data Path Delay:        7.439ns  (logic 5.584ns (75.060%)  route 1.855ns (24.940%))
  Logic Levels:           6  (CARRY4=4 DSP48E1=1 LUT2=1)
  Clock Path Skew:        -0.032ns (DCD - SCD + CPR)
    Destination Clock Delay (DCD):    4.973ns = ( 14.973 - 10.000 ) 
    Source Clock Delay      (SCD):    5.281ns
    Clock Pessimism Removal (CPR):    0.276ns
  Clock Uncertainty:      0.035ns  ((TSJ^2 + TIJ^2)^1/2 + DJ) / 2 + PE
    Total System Jitter     (TSJ):    0.071ns
    Total Input Jitter      (TIJ):    0.000ns
    Discrete Jitter          (DJ):    0.000ns
    Phase Error              (PE):    0.000ns

    Location             Delay type                Incr(ns)  Path(ns)    Netlist Resource(s)
  -------------------------------------------------------------------    -------------------
                         (clock usb_clk rise edge)    0.000     0.000 r  
    F5                                                0.000     0.000 r  usb_clk (IN)
                         net (fo=0)                   0.000     0.000    usb_clk
    F5                   IBUF (Prop_ibuf_I_O)         1.461     1.461 r  usb_clk_IBUF_inst/O
                         net (fo=1, routed)           2.025     3.486    usb_clk_IBUF
    BUFGCTRL_X0Y16       BUFG (Prop_bufg_I_O)         0.096     3.582 r  U_usb_clk_buf/O
                         net (fo=846, routed)         1.700     5.281    U_butterfly/core/MR1/tio_clkout_OBUF
    DSP48_X1Y41          DSP48E1                                      r  U_butterfly/core/MR1/m_s1_reg/CLK
  -------------------------------------------------------------------    -------------------
    DSP48_X1Y41          DSP48E1 (Prop_dsp48e1_CLK_P[0])
                                                      0.434     5.715 r  U_butterfly/core/MR1/m_s1_reg/P[0]
                         net (fo=2, routed)           1.154     6.869    U_butterfly/core/MR1/m_s1_reg_n_105
    SLICE_X57Y111        LUT2 (Prop_lut2_I0_O)        0.124     6.993 r  U_butterfly/core/MR1/mq_s20_i_19/O
                         net (fo=1, routed)           0.000     6.993    U_butterfly/core/MR1/mq_s20_i_19_n_0
    SLICE_X57Y111        CARRY4 (Prop_carry4_S[1]_CO[3])
                                                      0.550     7.543 r  U_butterfly/core/MR1/mq_s20_i_4/CO[3]
                         net (fo=1, routed)           0.000     7.543    U_butterfly/core/MR1/mq_s20_i_4_n_0
    SLICE_X57Y112        CARRY4 (Prop_carry4_CI_CO[3])
                                                      0.114     7.657 r  U_butterfly/core/MR1/mq_s20_i_3/CO[3]
                         net (fo=1, routed)           0.000     7.657    U_butterfly/core/MR1/mq_s20_i_3_n_0
    SLICE_X57Y113        CARRY4 (Prop_carry4_CI_CO[3])
                                                      0.114     7.771 r  U_butterfly/core/MR1/mq_s20_i_2/CO[3]
                         net (fo=1, routed)           0.000     7.771    U_butterfly/core/MR1/mq_s20_i_2_n_0
    SLICE_X57Y114        CARRY4 (Prop_carry4_CI_O[0])
                                                      0.222     7.993 r  U_butterfly/core/MR1/mq_s20_i_1/O[0]
                         net (fo=2, routed)           0.699     8.692    U_butterfly/core/MR1/m_s1_reg__1[28]
    DSP48_X1Y45          DSP48E1 (Prop_dsp48e1_B[11]_PCOUT[16])
                                                      4.026    12.718 r  U_butterfly/core/MR1/mq_s20/PCOUT[16]
                         net (fo=1, routed)           0.002    12.720    U_butterfly/core/MR1/mq_s20_n_137
    DSP48_X1Y46          DSP48E1                                      r  U_butterfly/core/MR1/mq_s2_reg/PCIN[16]
  -------------------------------------------------------------------    -------------------

                         (clock usb_clk rise edge)   10.000    10.000 r  
    F5                                                0.000    10.000 r  usb_clk (IN)
                         net (fo=0)                   0.000    10.000    usb_clk
    F5                   IBUF (Prop_ibuf_I_O)         1.391    11.391 r  usb_clk_IBUF_inst/O
                         net (fo=1, routed)           1.920    13.311    usb_clk_IBUF
    BUFGCTRL_X0Y16       BUFG (Prop_bufg_I_O)         0.091    13.402 r  U_usb_clk_buf/O
                         net (fo=846, routed)         1.571    14.973    U_butterfly/core/MR1/tio_clkout_OBUF
    DSP48_X1Y46          DSP48E1                                      r  U_butterfly/core/MR1/mq_s2_reg/CLK
                         clock pessimism              0.276    15.249    
                         clock uncertainty           -0.035    15.214    
    DSP48_X1Y46          DSP48E1 (Setup_dsp48e1_CLK_PCIN[16])
                                                     -1.400    13.814    U_butterfly/core/MR1/mq_s2_reg
  -------------------------------------------------------------------
                         required time                         13.814    
                         arrival time                         -12.720    
  -------------------------------------------------------------------
                         slack                                  1.093    





Min Delay Paths
--------------------------------------------------------------------------------------
Slack (MET) :             0.053ns  (arrival time - required time)
  Source:                 usb_data[0]
                            (input port clocked by usb_clk  {rise@0.000ns fall@5.000ns period=10.000ns})
  Destination:            b_shadow_reg[0]/D
                            (rising edge-triggered cell FDRE clocked by usb_clk  {rise@0.000ns fall@5.000ns period=10.000ns})
  Path Group:             usb_clk
  Path Type:              Hold (Min at Slow Process Corner)
  Requirement:            0.000ns  (usb_clk rise@0.000ns - usb_clk rise@0.000ns)
  Data Path Delay:        3.535ns  (logic 1.417ns (40.097%)  route 2.118ns (59.903%))
  Logic Levels:           1  (IBUF=1)
  Input Delay:            2.000ns
  Clock Path Skew:        5.278ns (DCD - SCD - CPR)
    Destination Clock Delay (DCD):    5.278ns
    Source Clock Delay      (SCD):    0.000ns
    Clock Pessimism Removal (CPR):    -0.000ns
  Clock Uncertainty:      0.035ns  ((TSJ^2 + TIJ^2)^1/2 + DJ) / 2 + PE
    Total System Jitter     (TSJ):    0.071ns
    Total Input Jitter      (TIJ):    0.000ns
    Discrete Jitter          (DJ):    0.000ns
    Phase Error              (PE):    0.000ns

    Location             Delay type                Incr(ns)  Path(ns)    Netlist Resource(s)
  -------------------------------------------------------------------    -------------------
                         (clock usb_clk rise edge)    0.000     0.000 r  
                         input delay                  2.000     2.000    
    A7                                                0.000     2.000 r  usb_data[0] (INOUT)
                         net (fo=1, unset)            0.000     2.000    usb_data_IOBUF[0]_inst/IO
    A7                   IBUF (Prop_ibuf_I_O)         1.417     3.417 r  usb_data_IOBUF[0]_inst/IBUF/O
                         net (fo=14, routed)          2.118     5.535    usb_data_IBUF[0]
    SLICE_X87Y125        FDRE                                         r  b_shadow_reg[0]/D
  -------------------------------------------------------------------    -------------------

                         (clock usb_clk rise edge)    0.000     0.000 r  
    F5                                                0.000     0.000 r  usb_clk (IN)
                         net (fo=0)                   0.000     0.000    usb_clk
    F5                   IBUF (Prop_ibuf_I_O)         1.461     1.461 r  usb_clk_IBUF_inst/O
                         net (fo=1, routed)           2.025     3.486    usb_clk_IBUF
    BUFGCTRL_X0Y16       BUFG (Prop_bufg_I_O)         0.096     3.582 r  U_usb_clk_buf/O
                         net (fo=846, routed)         1.696     5.278    tio_clkout_OBUF
    SLICE_X87Y125        FDRE                                         r  b_shadow_reg[0]/C
                         clock pessimism              0.000     5.278    
                         clock uncertainty            0.035     5.313    
    SLICE_X87Y125        FDRE (Hold_fdre_C_D)         0.169     5.482    b_shadow_reg[0]
  -------------------------------------------------------------------
                         required time                         -5.482    
                         arrival time                           5.535    
  -------------------------------------------------------------------
                         slack                                  0.053    

Slack (MET) :             0.070ns  (arrival time - required time)
  Source:                 usb_addr[7]
                            (input port clocked by usb_clk  {rise@0.000ns fall@5.000ns period=10.000ns})
  Destination:            b_shadow_reg[0]/CE
                            (rising edge-triggered cell FDRE clocked by usb_clk  {rise@0.000ns fall@5.000ns period=10.000ns})
  Path Group:             usb_clk
  Path Type:              Hold (Min at Slow Process Corner)
  Requirement:            0.000ns  (usb_clk rise@0.000ns - usb_clk rise@0.000ns)
  Data Path Delay:        3.338ns  (logic 1.503ns (45.040%)  route 1.834ns (54.960%))
  Logic Levels:           2  (IBUF=1 LUT6=1)
  Input Delay:            2.000ns
  Clock Path Skew:        5.278ns (DCD - SCD - CPR)
    Destination Clock Delay (DCD):    5.278ns
    Source Clock Delay      (SCD):    0.000ns
    Clock Pessimism Removal (CPR):    -0.000ns
  Clock Uncertainty:      0.035ns  ((TSJ^2 + TIJ^2)^1/2 + DJ) / 2 + PE
    Total System Jitter     (TSJ):    0.071ns
    Total Input Jitter      (TIJ):    0.000ns
    Discrete Jitter          (DJ):    0.000ns
    Phase Error              (PE):    0.000ns

    Location             Delay type                Incr(ns)  Path(ns)    Netlist Resource(s)
  -------------------------------------------------------------------    -------------------
                         (clock usb_clk rise edge)    0.000     0.000 r  
                         input delay                  2.000     2.000    
    F2                                                0.000     2.000 r  usb_addr[7] (IN)
                         net (fo=0)                   0.000     2.000    usb_addr[7]
    F2                   IBUF (Prop_ibuf_I_O)         1.403     3.403 r  usb_addr_IBUF[7]_inst/O
                         net (fo=15, routed)          1.405     4.809    usb_addr_IBUF[7]
    SLICE_X88Y125        LUT6 (Prop_lut6_I5_O)        0.100     4.909 r  b_shadow[7]_i_1/O
                         net (fo=8, routed)           0.429     5.338    b_shadow[7]_i_1_n_0
    SLICE_X87Y125        FDRE                                         r  b_shadow_reg[0]/CE
  -------------------------------------------------------------------    -------------------

                         (clock usb_clk rise edge)    0.000     0.000 r  
    F5                                                0.000     0.000 r  usb_clk (IN)
                         net (fo=0)                   0.000     0.000    usb_clk
    F5                   IBUF (Prop_ibuf_I_O)         1.461     1.461 r  usb_clk_IBUF_inst/O
                         net (fo=1, routed)           2.025     3.486    usb_clk_IBUF
    BUFGCTRL_X0Y16       BUFG (Prop_bufg_I_O)         0.096     3.582 r  U_usb_clk_buf/O
                         net (fo=846, routed)         1.696     5.278    tio_clkout_OBUF
    SLICE_X87Y125        FDRE                                         r  b_shadow_reg[0]/C
                         clock pessimism              0.000     5.278    
                         clock uncertainty            0.035     5.313    
    SLICE_X87Y125        FDRE (Hold_fdre_C_CE)       -0.045     5.268    b_shadow_reg[0]
  -------------------------------------------------------------------
                         required time                         -5.268    
                         arrival time                           5.338    
  -------------------------------------------------------------------
                         slack                                  0.070    

Slack (MET) :             0.070ns  (arrival time - required time)
  Source:                 usb_addr[7]
                            (input port clocked by usb_clk  {rise@0.000ns fall@5.000ns period=10.000ns})
  Destination:            b_shadow_reg[1]/CE
                            (rising edge-triggered cell FDRE clocked by usb_clk  {rise@0.000ns fall@5.000ns period=10.000ns})
  Path Group:             usb_clk
  Path Type:              Hold (Min at Slow Process Corner)
  Requirement:            0.000ns  (usb_clk rise@0.000ns - usb_clk rise@0.000ns)
  Data Path Delay:        3.338ns  (logic 1.503ns (45.040%)  route 1.834ns (54.960%))
  Logic Levels:           2  (IBUF=1 LUT6=1)
  Input Delay:            2.000ns
  Clock Path Skew:        5.278ns (DCD - SCD - CPR)
    Destination Clock Delay (DCD):    5.278ns
    Source Clock Delay      (SCD):    0.000ns
    Clock Pessimism Removal (CPR):    -0.000ns
  Clock Uncertainty:      0.035ns  ((TSJ^2 + TIJ^2)^1/2 + DJ) / 2 + PE
    Total System Jitter     (TSJ):    0.071ns
    Total Input Jitter      (TIJ):    0.000ns
    Discrete Jitter          (DJ):    0.000ns
    Phase Error              (PE):    0.000ns

    Location             Delay type                Incr(ns)  Path(ns)    Netlist Resource(s)
  -------------------------------------------------------------------    -------------------
                         (clock usb_clk rise edge)    0.000     0.000 r  
                         input delay                  2.000     2.000    
    F2                                                0.000     2.000 r  usb_addr[7] (IN)
                         net (fo=0)                   0.000     2.000    usb_addr[7]
    F2                   IBUF (Prop_ibuf_I_O)         1.403     3.403 r  usb_addr_IBUF[7]_inst/O
                         net (fo=15, routed)          1.405     4.809    usb_addr_IBUF[7]
    SLICE_X88Y125        LUT6 (Prop_lut6_I5_O)        0.100     4.909 r  b_shadow[7]_i_1/O
                         net (fo=8, routed)           0.429     5.338    b_shadow[7]_i_1_n_0
    SLICE_X87Y125        FDRE                                         r  b_shadow_reg[1]/CE
  -------------------------------------------------------------------    -------------------

                         (clock usb_clk rise edge)    0.000     0.000 r  
    F5                                                0.000     0.000 r  usb_clk (IN)
                         net (fo=0)                   0.000     0.000    usb_clk
    F5                   IBUF (Prop_ibuf_I_O)         1.461     1.461 r  usb_clk_IBUF_inst/O
                         net (fo=1, routed)           2.025     3.486    usb_clk_IBUF
    BUFGCTRL_X0Y16       BUFG (Prop_bufg_I_O)         0.096     3.582 r  U_usb_clk_buf/O
                         net (fo=846, routed)         1.696     5.278    tio_clkout_OBUF
    SLICE_X87Y125        FDRE                                         r  b_shadow_reg[1]/C
                         clock pessimism              0.000     5.278    
                         clock uncertainty            0.035     5.313    
    SLICE_X87Y125        FDRE (Hold_fdre_C_CE)       -0.045     5.268    b_shadow_reg[1]
  -------------------------------------------------------------------
                         required time                         -5.268    
                         arrival time                           5.338    
  -------------------------------------------------------------------
                         slack                                  0.070    

Slack (MET) :             0.070ns  (arrival time - required time)
  Source:                 usb_addr[7]
                            (input port clocked by usb_clk  {rise@0.000ns fall@5.000ns period=10.000ns})
  Destination:            b_shadow_reg[2]/CE
                            (rising edge-triggered cell FDRE clocked by usb_clk  {rise@0.000ns fall@5.000ns period=10.000ns})
  Path Group:             usb_clk
  Path Type:              Hold (Min at Slow Process Corner)
  Requirement:            0.000ns  (usb_clk rise@0.000ns - usb_clk rise@0.000ns)
  Data Path Delay:        3.338ns  (logic 1.503ns (45.040%)  route 1.834ns (54.960%))
  Logic Levels:           2  (IBUF=1 LUT6=1)
  Input Delay:            2.000ns
  Clock Path Skew:        5.278ns (DCD - SCD - CPR)
    Destination Clock Delay (DCD):    5.278ns
    Source Clock Delay      (SCD):    0.000ns
    Clock Pessimism Removal (CPR):    -0.000ns
  Clock Uncertainty:      0.035ns  ((TSJ^2 + TIJ^2)^1/2 + DJ) / 2 + PE
    Total System Jitter     (TSJ):    0.071ns
    Total Input Jitter      (TIJ):    0.000ns
    Discrete Jitter          (DJ):    0.000ns
    Phase Error              (PE):    0.000ns

    Location             Delay type                Incr(ns)  Path(ns)    Netlist Resource(s)
  -------------------------------------------------------------------    -------------------
                         (clock usb_clk rise edge)    0.000     0.000 r  
                         input delay                  2.000     2.000    
    F2                                                0.000     2.000 r  usb_addr[7] (IN)
                         net (fo=0)                   0.000     2.000    usb_addr[7]
    F2                   IBUF (Prop_ibuf_I_O)         1.403     3.403 r  usb_addr_IBUF[7]_inst/O
                         net (fo=15, routed)          1.405     4.809    usb_addr_IBUF[7]
    SLICE_X88Y125        LUT6 (Prop_lut6_I5_O)        0.100     4.909 r  b_shadow[7]_i_1/O
                         net (fo=8, routed)           0.429     5.338    b_shadow[7]_i_1_n_0
    SLICE_X87Y125        FDRE                                         r  b_shadow_reg[2]/CE
  -------------------------------------------------------------------    -------------------

                         (clock usb_clk rise edge)    0.000     0.000 r  
    F5                                                0.000     0.000 r  usb_clk (IN)
                         net (fo=0)                   0.000     0.000    usb_clk
    F5                   IBUF (Prop_ibuf_I_O)         1.461     1.461 r  usb_clk_IBUF_inst/O
                         net (fo=1, routed)           2.025     3.486    usb_clk_IBUF
    BUFGCTRL_X0Y16       BUFG (Prop_bufg_I_O)         0.096     3.582 r  U_usb_clk_buf/O
                         net (fo=846, routed)         1.696     5.278    tio_clkout_OBUF
    SLICE_X87Y125        FDRE                                         r  b_shadow_reg[2]/C
                         clock pessimism              0.000     5.278    
                         clock uncertainty            0.035     5.313    
    SLICE_X87Y125        FDRE (Hold_fdre_C_CE)       -0.045     5.268    b_shadow_reg[2]
  -------------------------------------------------------------------
                         required time                         -5.268    
                         arrival time                           5.338    
  -------------------------------------------------------------------
                         slack                                  0.070    

Slack (MET) :             0.070ns  (arrival time - required time)
  Source:                 usb_addr[7]
                            (input port clocked by usb_clk  {rise@0.000ns fall@5.000ns period=10.000ns})
  Destination:            b_shadow_reg[3]/CE
                            (rising edge-triggered cell FDRE clocked by usb_clk  {rise@0.000ns fall@5.000ns period=10.000ns})
  Path Group:             usb_clk
  Path Type:              Hold (Min at Slow Process Corner)
  Requirement:            0.000ns  (usb_clk rise@0.000ns - usb_clk rise@0.000ns)
  Data Path Delay:        3.338ns  (logic 1.503ns (45.040%)  route 1.834ns (54.960%))
  Logic Levels:           2  (IBUF=1 LUT6=1)
  Input Delay:            2.000ns
  Clock Path Skew:        5.278ns (DCD - SCD - CPR)
    Destination Clock Delay (DCD):    5.278ns
    Source Clock Delay      (SCD):    0.000ns
    Clock Pessimism Removal (CPR):    -0.000ns
  Clock Uncertainty:      0.035ns  ((TSJ^2 + TIJ^2)^1/2 + DJ) / 2 + PE
    Total System Jitter     (TSJ):    0.071ns
    Total Input Jitter      (TIJ):    0.000ns
    Discrete Jitter          (DJ):    0.000ns
    Phase Error              (PE):    0.000ns

    Location             Delay type                Incr(ns)  Path(ns)    Netlist Resource(s)
  -------------------------------------------------------------------    -------------------
                         (clock usb_clk rise edge)    0.000     0.000 r  
                         input delay                  2.000     2.000    
    F2                                                0.000     2.000 r  usb_addr[7] (IN)
                         net (fo=0)                   0.000     2.000    usb_addr[7]
    F2                   IBUF (Prop_ibuf_I_O)         1.403     3.403 r  usb_addr_IBUF[7]_inst/O
                         net (fo=15, routed)          1.405     4.809    usb_addr_IBUF[7]
    SLICE_X88Y125        LUT6 (Prop_lut6_I5_O)        0.100     4.909 r  b_shadow[7]_i_1/O
                         net (fo=8, routed)           0.429     5.338    b_shadow[7]_i_1_n_0
    SLICE_X87Y125        FDRE                                         r  b_shadow_reg[3]/CE
  -------------------------------------------------------------------    -------------------

                         (clock usb_clk rise edge)    0.000     0.000 r  
    F5                                                0.000     0.000 r  usb_clk (IN)
                         net (fo=0)                   0.000     0.000    usb_clk
    F5                   IBUF (Prop_ibuf_I_O)         1.461     1.461 r  usb_clk_IBUF_inst/O
                         net (fo=1, routed)           2.025     3.486    usb_clk_IBUF
    BUFGCTRL_X0Y16       BUFG (Prop_bufg_I_O)         0.096     3.582 r  U_usb_clk_buf/O
                         net (fo=846, routed)         1.696     5.278    tio_clkout_OBUF
    SLICE_X87Y125        FDRE                                         r  b_shadow_reg[3]/C
                         clock pessimism              0.000     5.278    
                         clock uncertainty            0.035     5.313    
    SLICE_X87Y125        FDRE (Hold_fdre_C_CE)       -0.045     5.268    b_shadow_reg[3]
  -------------------------------------------------------------------
                         required time                         -5.268    
                         arrival time                           5.338    
  -------------------------------------------------------------------
                         slack                                  0.070    

Slack (MET) :             0.070ns  (arrival time - required time)
  Source:                 usb_addr[7]
                            (input port clocked by usb_clk  {rise@0.000ns fall@5.000ns period=10.000ns})
  Destination:            b_shadow_reg[4]/CE
                            (rising edge-triggered cell FDRE clocked by usb_clk  {rise@0.000ns fall@5.000ns period=10.000ns})
  Path Group:             usb_clk
  Path Type:              Hold (Min at Slow Process Corner)
  Requirement:            0.000ns  (usb_clk rise@0.000ns - usb_clk rise@0.000ns)
  Data Path Delay:        3.338ns  (logic 1.503ns (45.040%)  route 1.834ns (54.960%))
  Logic Levels:           2  (IBUF=1 LUT6=1)
  Input Delay:            2.000ns
  Clock Path Skew:        5.278ns (DCD - SCD - CPR)
    Destination Clock Delay (DCD):    5.278ns
    Source Clock Delay      (SCD):    0.000ns
    Clock Pessimism Removal (CPR):    -0.000ns
  Clock Uncertainty:      0.035ns  ((TSJ^2 + TIJ^2)^1/2 + DJ) / 2 + PE
    Total System Jitter     (TSJ):    0.071ns
    Total Input Jitter      (TIJ):    0.000ns
    Discrete Jitter          (DJ):    0.000ns
    Phase Error              (PE):    0.000ns

    Location             Delay type                Incr(ns)  Path(ns)    Netlist Resource(s)
  -------------------------------------------------------------------    -------------------
                         (clock usb_clk rise edge)    0.000     0.000 r  
                         input delay                  2.000     2.000    
    F2                                                0.000     2.000 r  usb_addr[7] (IN)
                         net (fo=0)                   0.000     2.000    usb_addr[7]
    F2                   IBUF (Prop_ibuf_I_O)         1.403     3.403 r  usb_addr_IBUF[7]_inst/O
                         net (fo=15, routed)          1.405     4.809    usb_addr_IBUF[7]
    SLICE_X88Y125        LUT6 (Prop_lut6_I5_O)        0.100     4.909 r  b_shadow[7]_i_1/O
                         net (fo=8, routed)           0.429     5.338    b_shadow[7]_i_1_n_0
    SLICE_X87Y125        FDRE                                         r  b_shadow_reg[4]/CE
  -------------------------------------------------------------------    -------------------

                         (clock usb_clk rise edge)    0.000     0.000 r  
    F5                                                0.000     0.000 r  usb_clk (IN)
                         net (fo=0)                   0.000     0.000    usb_clk
    F5                   IBUF (Prop_ibuf_I_O)         1.461     1.461 r  usb_clk_IBUF_inst/O
                         net (fo=1, routed)           2.025     3.486    usb_clk_IBUF
    BUFGCTRL_X0Y16       BUFG (Prop_bufg_I_O)         0.096     3.582 r  U_usb_clk_buf/O
                         net (fo=846, routed)         1.696     5.278    tio_clkout_OBUF
    SLICE_X87Y125        FDRE                                         r  b_shadow_reg[4]/C
                         clock pessimism              0.000     5.278    
                         clock uncertainty            0.035     5.313    
    SLICE_X87Y125        FDRE (Hold_fdre_C_CE)       -0.045     5.268    b_shadow_reg[4]
  -------------------------------------------------------------------
                         required time                         -5.268    
                         arrival time                           5.338    
  -------------------------------------------------------------------
                         slack                                  0.070    

Slack (MET) :             0.070ns  (arrival time - required time)
  Source:                 usb_addr[7]
                            (input port clocked by usb_clk  {rise@0.000ns fall@5.000ns period=10.000ns})
  Destination:            b_shadow_reg[5]/CE
                            (rising edge-triggered cell FDRE clocked by usb_clk  {rise@0.000ns fall@5.000ns period=10.000ns})
  Path Group:             usb_clk
  Path Type:              Hold (Min at Slow Process Corner)
  Requirement:            0.000ns  (usb_clk rise@0.000ns - usb_clk rise@0.000ns)
  Data Path Delay:        3.338ns  (logic 1.503ns (45.040%)  route 1.834ns (54.960%))
  Logic Levels:           2  (IBUF=1 LUT6=1)
  Input Delay:            2.000ns
  Clock Path Skew:        5.278ns (DCD - SCD - CPR)
    Destination Clock Delay (DCD):    5.278ns
    Source Clock Delay      (SCD):    0.000ns
    Clock Pessimism Removal (CPR):    -0.000ns
  Clock Uncertainty:      0.035ns  ((TSJ^2 + TIJ^2)^1/2 + DJ) / 2 + PE
    Total System Jitter     (TSJ):    0.071ns
    Total Input Jitter      (TIJ):    0.000ns
    Discrete Jitter          (DJ):    0.000ns
    Phase Error              (PE):    0.000ns

    Location             Delay type                Incr(ns)  Path(ns)    Netlist Resource(s)
  -------------------------------------------------------------------    -------------------
                         (clock usb_clk rise edge)    0.000     0.000 r  
                         input delay                  2.000     2.000    
    F2                                                0.000     2.000 r  usb_addr[7] (IN)
                         net (fo=0)                   0.000     2.000    usb_addr[7]
    F2                   IBUF (Prop_ibuf_I_O)         1.403     3.403 r  usb_addr_IBUF[7]_inst/O
                         net (fo=15, routed)          1.405     4.809    usb_addr_IBUF[7]
    SLICE_X88Y125        LUT6 (Prop_lut6_I5_O)        0.100     4.909 r  b_shadow[7]_i_1/O
                         net (fo=8, routed)           0.429     5.338    b_shadow[7]_i_1_n_0
    SLICE_X87Y125        FDRE                                         r  b_shadow_reg[5]/CE
  -------------------------------------------------------------------    -------------------

                         (clock usb_clk rise edge)    0.000     0.000 r  
    F5                                                0.000     0.000 r  usb_clk (IN)
                         net (fo=0)                   0.000     0.000    usb_clk
    F5                   IBUF (Prop_ibuf_I_O)         1.461     1.461 r  usb_clk_IBUF_inst/O
                         net (fo=1, routed)           2.025     3.486    usb_clk_IBUF
    BUFGCTRL_X0Y16       BUFG (Prop_bufg_I_O)         0.096     3.582 r  U_usb_clk_buf/O
                         net (fo=846, routed)         1.696     5.278    tio_clkout_OBUF
    SLICE_X87Y125        FDRE                                         r  b_shadow_reg[5]/C
                         clock pessimism              0.000     5.278    
                         clock uncertainty            0.035     5.313    
    SLICE_X87Y125        FDRE (Hold_fdre_C_CE)       -0.045     5.268    b_shadow_reg[5]
  -------------------------------------------------------------------
                         required time                         -5.268    
                         arrival time                           5.338    
  -------------------------------------------------------------------
                         slack                                  0.070    

Slack (MET) :             0.070ns  (arrival time - required time)
  Source:                 usb_addr[7]
                            (input port clocked by usb_clk  {rise@0.000ns fall@5.000ns period=10.000ns})
  Destination:            b_shadow_reg[6]/CE
                            (rising edge-triggered cell FDRE clocked by usb_clk  {rise@0.000ns fall@5.000ns period=10.000ns})
  Path Group:             usb_clk
  Path Type:              Hold (Min at Slow Process Corner)
  Requirement:            0.000ns  (usb_clk rise@0.000ns - usb_clk rise@0.000ns)
  Data Path Delay:        3.338ns  (logic 1.503ns (45.040%)  route 1.834ns (54.960%))
  Logic Levels:           2  (IBUF=1 LUT6=1)
  Input Delay:            2.000ns
  Clock Path Skew:        5.278ns (DCD - SCD - CPR)
    Destination Clock Delay (DCD):    5.278ns
    Source Clock Delay      (SCD):    0.000ns
    Clock Pessimism Removal (CPR):    -0.000ns
  Clock Uncertainty:      0.035ns  ((TSJ^2 + TIJ^2)^1/2 + DJ) / 2 + PE
    Total System Jitter     (TSJ):    0.071ns
    Total Input Jitter      (TIJ):    0.000ns
    Discrete Jitter          (DJ):    0.000ns
    Phase Error              (PE):    0.000ns

    Location             Delay type                Incr(ns)  Path(ns)    Netlist Resource(s)
  -------------------------------------------------------------------    -------------------
                         (clock usb_clk rise edge)    0.000     0.000 r  
                         input delay                  2.000     2.000    
    F2                                                0.000     2.000 r  usb_addr[7] (IN)
                         net (fo=0)                   0.000     2.000    usb_addr[7]
    F2                   IBUF (Prop_ibuf_I_O)         1.403     3.403 r  usb_addr_IBUF[7]_inst/O
                         net (fo=15, routed)          1.405     4.809    usb_addr_IBUF[7]
    SLICE_X88Y125        LUT6 (Prop_lut6_I5_O)        0.100     4.909 r  b_shadow[7]_i_1/O
                         net (fo=8, routed)           0.429     5.338    b_shadow[7]_i_1_n_0
    SLICE_X87Y125        FDRE                                         r  b_shadow_reg[6]/CE
  -------------------------------------------------------------------    -------------------

                         (clock usb_clk rise edge)    0.000     0.000 r  
    F5                                                0.000     0.000 r  usb_clk (IN)
                         net (fo=0)                   0.000     0.000    usb_clk
    F5                   IBUF (Prop_ibuf_I_O)         1.461     1.461 r  usb_clk_IBUF_inst/O
                         net (fo=1, routed)           2.025     3.486    usb_clk_IBUF
    BUFGCTRL_X0Y16       BUFG (Prop_bufg_I_O)         0.096     3.582 r  U_usb_clk_buf/O
                         net (fo=846, routed)         1.696     5.278    tio_clkout_OBUF
    SLICE_X87Y125        FDRE                                         r  b_shadow_reg[6]/C
                         clock pessimism              0.000     5.278    
                         clock uncertainty            0.035     5.313    
    SLICE_X87Y125        FDRE (Hold_fdre_C_CE)       -0.045     5.268    b_shadow_reg[6]
  -------------------------------------------------------------------
                         required time                         -5.268    
                         arrival time                           5.338    
  -------------------------------------------------------------------
                         slack                                  0.070    

Slack (MET) :             0.070ns  (arrival time - required time)
  Source:                 usb_addr[7]
                            (input port clocked by usb_clk  {rise@0.000ns fall@5.000ns period=10.000ns})
  Destination:            b_shadow_reg[7]/CE
                            (rising edge-triggered cell FDRE clocked by usb_clk  {rise@0.000ns fall@5.000ns period=10.000ns})
  Path Group:             usb_clk
  Path Type:              Hold (Min at Slow Process Corner)
  Requirement:            0.000ns  (usb_clk rise@0.000ns - usb_clk rise@0.000ns)
  Data Path Delay:        3.338ns  (logic 1.503ns (45.040%)  route 1.834ns (54.960%))
  Logic Levels:           2  (IBUF=1 LUT6=1)
  Input Delay:            2.000ns
  Clock Path Skew:        5.278ns (DCD - SCD - CPR)
    Destination Clock Delay (DCD):    5.278ns
    Source Clock Delay      (SCD):    0.000ns
    Clock Pessimism Removal (CPR):    -0.000ns
  Clock Uncertainty:      0.035ns  ((TSJ^2 + TIJ^2)^1/2 + DJ) / 2 + PE
    Total System Jitter     (TSJ):    0.071ns
    Total Input Jitter      (TIJ):    0.000ns
    Discrete Jitter          (DJ):    0.000ns
    Phase Error              (PE):    0.000ns

    Location             Delay type                Incr(ns)  Path(ns)    Netlist Resource(s)
  -------------------------------------------------------------------    -------------------
                         (clock usb_clk rise edge)    0.000     0.000 r  
                         input delay                  2.000     2.000    
    F2                                                0.000     2.000 r  usb_addr[7] (IN)
                         net (fo=0)                   0.000     2.000    usb_addr[7]
    F2                   IBUF (Prop_ibuf_I_O)         1.403     3.403 r  usb_addr_IBUF[7]_inst/O
                         net (fo=15, routed)          1.405     4.809    usb_addr_IBUF[7]
    SLICE_X88Y125        LUT6 (Prop_lut6_I5_O)        0.100     4.909 r  b_shadow[7]_i_1/O
                         net (fo=8, routed)           0.429     5.338    b_shadow[7]_i_1_n_0
    SLICE_X87Y125        FDRE                                         r  b_shadow_reg[7]/CE
  -------------------------------------------------------------------    -------------------

                         (clock usb_clk rise edge)    0.000     0.000 r  
    F5                                                0.000     0.000 r  usb_clk (IN)
                         net (fo=0)                   0.000     0.000    usb_clk
    F5                   IBUF (Prop_ibuf_I_O)         1.461     1.461 r  usb_clk_IBUF_inst/O
                         net (fo=1, routed)           2.025     3.486    usb_clk_IBUF
    BUFGCTRL_X0Y16       BUFG (Prop_bufg_I_O)         0.096     3.582 r  U_usb_clk_buf/O
                         net (fo=846, routed)         1.696     5.278    tio_clkout_OBUF
    SLICE_X87Y125        FDRE                                         r  b_shadow_reg[7]/C
                         clock pessimism              0.000     5.278    
                         clock uncertainty            0.035     5.313    
    SLICE_X87Y125        FDRE (Hold_fdre_C_CE)       -0.045     5.268    b_shadow_reg[7]
  -------------------------------------------------------------------
                         required time                         -5.268    
                         arrival time                           5.338    
  -------------------------------------------------------------------
                         slack                                  0.070    

Slack (MET) :             0.082ns  (arrival time - required time)
  Source:                 usb_addr[8]
                            (input port clocked by usb_clk  {rise@0.000ns fall@5.000ns period=10.000ns})
  Destination:            mode2_shadow_reg/D
                            (rising edge-triggered cell FDRE clocked by usb_clk  {rise@0.000ns fall@5.000ns period=10.000ns})
  Path Group:             usb_clk
  Path Type:              Hold (Min at Slow Process Corner)
  Requirement:            0.000ns  (usb_clk rise@0.000ns - usb_clk rise@0.000ns)
  Data Path Delay:        3.693ns  (logic 1.598ns (43.262%)  route 2.095ns (56.738%))
  Logic Levels:           3  (IBUF=1 LUT3=1 LUT6=1)
  Input Delay:            2.000ns
  Clock Path Skew:        5.287ns (DCD - SCD - CPR)
    Destination Clock Delay (DCD):    5.287ns
    Source Clock Delay      (SCD):    0.000ns
    Clock Pessimism Removal (CPR):    -0.000ns
  Clock Uncertainty:      0.035ns  ((TSJ^2 + TIJ^2)^1/2 + DJ) / 2 + PE
    Total System Jitter     (TSJ):    0.071ns
    Total Input Jitter      (TIJ):    0.000ns
    Discrete Jitter          (DJ):    0.000ns
    Phase Error              (PE):    0.000ns

    Location             Delay type                Incr(ns)  Path(ns)    Netlist Resource(s)
  -------------------------------------------------------------------    -------------------
                         (clock usb_clk rise edge)    0.000     0.000 r  
                         input delay                  2.000     2.000    
    E1                                                0.000     2.000 r  usb_addr[8] (IN)
                         net (fo=0)                   0.000     2.000    usb_addr[8]
    E1                   IBUF (Prop_ibuf_I_O)         1.402     3.402 r  usb_addr_IBUF[8]_inst/O
                         net (fo=15, routed)          1.575     4.977    usb_addr_IBUF[8]
    SLICE_X89Y121        LUT6 (Prop_lut6_I3_O)        0.100     5.077 r  mode_shadow_i_2/O
                         net (fo=2, routed)           0.520     5.597    mode_shadow_i_2_n_0
    SLICE_X87Y118        LUT3 (Prop_lut3_I1_O)        0.096     5.693 r  mode2_shadow_i_1/O
                         net (fo=1, routed)           0.000     5.693    mode2_shadow_i_1_n_0
    SLICE_X87Y118        FDRE                                         r  mode2_shadow_reg/D
  -------------------------------------------------------------------    -------------------

                         (clock usb_clk rise edge)    0.000     0.000 r  
    F5                                                0.000     0.000 r  usb_clk (IN)
                         net (fo=0)                   0.000     0.000    usb_clk
    F5                   IBUF (Prop_ibuf_I_O)         1.461     1.461 r  usb_clk_IBUF_inst/O
                         net (fo=1, routed)           2.025     3.486    usb_clk_IBUF
    BUFGCTRL_X0Y16       BUFG (Prop_bufg_I_O)         0.096     3.582 r  U_usb_clk_buf/O
                         net (fo=846, routed)         1.705     5.287    tio_clkout_OBUF
    SLICE_X87Y118        FDRE                                         r  mode2_shadow_reg/C
                         clock pessimism              0.000     5.287    
                         clock uncertainty            0.035     5.322    
    SLICE_X87Y118        FDRE (Hold_fdre_C_D)         0.289     5.611    mode2_shadow_reg
  -------------------------------------------------------------------
                         required time                         -5.611    
                         arrival time                           5.693    
  -------------------------------------------------------------------
                         slack                                  0.082    





Pulse Width Checks
--------------------------------------------------------------------------------------
Clock Name:         usb_clk
Waveform(ns):       { 0.000 5.000 }
Period(ns):         10.000
Sources:            { usb_clk }

Check Type        Corner  Lib Pin             Reference Pin  Required(ns)  Actual(ns)  Slack(ns)  Location        Pin
Min Period        n/a     DSP48E1/CLK         n/a            3.884         10.000      6.116      DSP48_X2Y49     U_butterfly/core/mul_s2_reg/CLK
Min Period        n/a     DSP48E1/CLK         n/a            3.687         10.000      6.313      DSP48_X2Y47     U_butterfly/core/mul_s2_reg__0/CLK
Min Period        n/a     DSP48E1/CLK         n/a            3.687         10.000      6.313      DSP48_X1Y46     U_butterfly/core/MR1/mq_s2_reg/CLK
Min Period        n/a     DSP48E1/CLK         n/a            3.687         10.000      6.313      DSP48_X1Y43     U_butterfly/core/MR1/mq_s2_reg__0/CLK
Min Period        n/a     RAMB36E1/CLKARDCLK  n/a            2.576         10.000      7.424      RAMB36_X3Y23    <hidden>
Min Period        n/a     RAMB36E1/CLKBWRCLK  n/a            2.576         10.000      7.424      RAMB36_X3Y23    <hidden>
Min Period        n/a     BUFG/I              n/a            2.155         10.000      7.845      BUFGCTRL_X0Y16  U_usb_clk_buf/I
Min Period        n/a     DSP48E1/CLK         n/a            2.154         10.000      7.846      DSP48_X1Y44     U_butterfly/core/MR1/m_full/CLK
Min Period        n/a     DSP48E1/CLK         n/a            2.154         10.000      7.846      DSP48_X1Y41     U_butterfly/core/MR1/m_s1_reg/CLK
Min Period        n/a     DSP48E1/CLK         n/a            2.154         10.000      7.846      DSP48_X1Y45     U_butterfly/core/MR1/mq_s20/CLK
Low Pulse Width   Slow    SRL16E/CLK          n/a            0.980         5.000       4.020      SLICE_X84Y117   U_butterfly/core/a_pipe_reg[2][0]_srl5/CLK
Low Pulse Width   Fast    SRL16E/CLK          n/a            0.980         5.000       4.020      SLICE_X84Y117   U_butterfly/core/a_pipe_reg[2][0]_srl5/CLK
Low Pulse Width   Slow    SRL16E/CLK          n/a            0.980         5.000       4.020      SLICE_X84Y119   U_butterfly/core/a_pipe_reg[2][10]_srl5/CLK
Low Pulse Width   Fast    SRL16E/CLK          n/a            0.980         5.000       4.020      SLICE_X84Y119   U_butterfly/core/a_pipe_reg[2][10]_srl5/CLK
Low Pulse Width   Slow    SRL16E/CLK          n/a            0.980         5.000       4.020      SLICE_X84Y119   U_butterfly/core/a_pipe_reg[2][11]_srl5/CLK
Low Pulse Width   Fast    SRL16E/CLK          n/a            0.980         5.000       4.020      SLICE_X84Y119   U_butterfly/core/a_pipe_reg[2][11]_srl5/CLK
Low Pulse Width   Slow    SRL16E/CLK          n/a            0.980         5.000       4.020      SLICE_X84Y119   U_butterfly/core/a_pipe_reg[2][12]_srl5/CLK
Low Pulse Width   Fast    SRL16E/CLK          n/a            0.980         5.000       4.020      SLICE_X84Y119   U_butterfly/core/a_pipe_reg[2][12]_srl5/CLK
Low Pulse Width   Slow    SRL16E/CLK          n/a            0.980         5.000       4.020      SLICE_X84Y119   U_butterfly/core/a_pipe_reg[2][13]_srl5/CLK
Low Pulse Width   Fast    SRL16E/CLK          n/a            0.980         5.000       4.020      SLICE_X84Y119   U_butterfly/core/a_pipe_reg[2][13]_srl5/CLK
High Pulse Width  Slow    SRL16E/CLK          n/a            0.980         5.000       4.020      SLICE_X84Y117   U_butterfly/core/a_pipe_reg[2][0]_srl5/CLK
High Pulse Width  Fast    SRL16E/CLK          n/a            0.980         5.000       4.020      SLICE_X84Y117   U_butterfly/core/a_pipe_reg[2][0]_srl5/CLK
High Pulse Width  Slow    SRL16E/CLK          n/a            0.980         5.000       4.020      SLICE_X84Y119   U_butterfly/core/a_pipe_reg[2][10]_srl5/CLK
High Pulse Width  Fast    SRL16E/CLK          n/a            0.980         5.000       4.020      SLICE_X84Y119   U_butterfly/core/a_pipe_reg[2][10]_srl5/CLK
High Pulse Width  Slow    SRL16E/CLK          n/a            0.980         5.000       4.020      SLICE_X84Y119   U_butterfly/core/a_pipe_reg[2][11]_srl5/CLK
High Pulse Width  Fast    SRL16E/CLK          n/a            0.980         5.000       4.020      SLICE_X84Y119   U_butterfly/core/a_pipe_reg[2][11]_srl5/CLK
High Pulse Width  Slow    SRL16E/CLK          n/a            0.980         5.000       4.020      SLICE_X84Y119   U_butterfly/core/a_pipe_reg[2][12]_srl5/CLK
High Pulse Width  Fast    SRL16E/CLK          n/a            0.980         5.000       4.020      SLICE_X84Y119   U_butterfly/core/a_pipe_reg[2][12]_srl5/CLK
High Pulse Width  Slow    SRL16E/CLK          n/a            0.980         5.000       4.020      SLICE_X84Y119   U_butterfly/core/a_pipe_reg[2][13]_srl5/CLK
High Pulse Width  Fast    SRL16E/CLK          n/a            0.980         5.000       4.020      SLICE_X84Y119   U_butterfly/core/a_pipe_reg[2][13]_srl5/CLK



--------------------------------------------------------------------------------------
Path Group:  (none)
From Clock:  usb_clk
  To Clock:  usb_clk

Max Delay            13 Endpoints
Min Delay            13 Endpoints
--------------------------------------------------------------------------------------


Max Delay Paths
--------------------------------------------------------------------------------------
Slack:                    inf
  Source:                 U_usb_reg_fe/usb_addr_r_reg[1]/C
                            (rising edge-triggered cell FDRE clocked by usb_clk  {rise@0.000ns fall@5.000ns period=10.000ns})
  Destination:            usb_data[6]
                            (output port clocked by usb_clk  {rise@0.000ns fall@5.000ns period=10.000ns})
  Path Group:             (none)
  Path Type:              Max at Slow Process Corner
  Data Path Delay:        11.507ns  (logic 4.483ns (38.963%)  route 7.024ns (61.037%))
  Logic Levels:           5  (LUT5=2 LUT6=2 OBUFT=1)
  Output Delay:           0.000ns
  Clock Path Skew:        -5.281ns (DCD - SCD + CPR)
    Destination Clock Delay (DCD):    0.000ns
    Source Clock Delay      (SCD):    5.281ns
    Clock Pessimism Removal (CPR):    0.000ns
  Clock Uncertainty:      0.035ns  ((TSJ^2 + TIJ^2)^1/2 + DJ) / 2 + PE
    Total System Jitter     (TSJ):    0.071ns
    Total Input Jitter      (TIJ):    0.000ns
    Discrete Jitter          (DJ):    0.000ns
    Phase Error              (PE):    0.000ns
  Timing Exception:       False Path

    Location             Delay type                Incr(ns)  Path(ns)    Netlist Resource(s)
  -------------------------------------------------------------------    -------------------
                         (clock usb_clk rise edge)    0.000     0.000 r  
    F5                                                0.000     0.000 r  usb_clk (IN)
                         net (fo=0)                   0.000     0.000    usb_clk
    F5                   IBUF (Prop_ibuf_I_O)         1.461     1.461 r  usb_clk_IBUF_inst/O
                         net (fo=1, routed)           2.025     3.486    usb_clk_IBUF
    BUFGCTRL_X0Y16       BUFG (Prop_bufg_I_O)         0.096     3.582 r  U_usb_clk_buf/O
                         net (fo=846, routed)         1.699     5.281    U_usb_reg_fe/tio_clkout_OBUF
    SLICE_X87Y127        FDRE                                         r  U_usb_reg_fe/usb_addr_r_reg[1]/C
  -------------------------------------------------------------------    -------------------
    SLICE_X87Y127        FDRE (Prop_fdre_C_Q)         0.456     5.737 r  U_usb_reg_fe/usb_addr_r_reg[1]/Q
                         net (fo=32, routed)          1.529     7.266    U_usb_reg_fe/usb_addr_r_reg_n_0_[1]
    SLICE_X85Y124        LUT6 (Prop_lut6_I3_O)        0.124     7.390 f  U_usb_reg_fe/usb_data_IOBUF[6]_inst_i_12/O
                         net (fo=1, routed)           0.881     8.270    U_usb_reg_fe/usb_data_IOBUF[6]_inst_i_12_n_0
    SLICE_X88Y129        LUT5 (Prop_lut5_I0_O)        0.124     8.394 f  U_usb_reg_fe/usb_data_IOBUF[6]_inst_i_7/O
                         net (fo=1, routed)           0.897     9.291    U_usb_reg_fe/usb_data_IOBUF[6]_inst_i_7_n_0
    SLICE_X88Y129        LUT5 (Prop_lut5_I2_O)        0.124     9.415 f  U_usb_reg_fe/usb_data_IOBUF[6]_inst_i_3/O
                         net (fo=1, routed)           1.250    10.666    U_usb_reg_fe/usb_data_IOBUF[6]_inst_i_3_n_0
    SLICE_X89Y126        LUT6 (Prop_lut6_I3_O)        0.124    10.790 r  U_usb_reg_fe/usb_data_IOBUF[6]_inst_i_1/O
                         net (fo=1, routed)           2.466    13.256    usb_data_IOBUF[6]_inst/I
    K1                   OBUFT (Prop_obuft_I_O)       3.531    16.787 r  usb_data_IOBUF[6]_inst/OBUFT/O
                         net (fo=1, unset)            0.000    16.787    usb_data[6]
    K1                                                                r  usb_data[6] (INOUT)
  -------------------------------------------------------------------    -------------------

Slack:                    inf
  Source:                 U_usb_reg_fe/usb_addr_r_reg[13]/C
                            (rising edge-triggered cell FDRE clocked by usb_clk  {rise@0.000ns fall@5.000ns period=10.000ns})
  Destination:            usb_data[0]
                            (output port clocked by usb_clk  {rise@0.000ns fall@5.000ns period=10.000ns})
  Path Group:             (none)
  Path Type:              Max at Slow Process Corner
  Data Path Delay:        11.395ns  (logic 4.557ns (39.991%)  route 6.838ns (60.009%))
  Logic Levels:           5  (LUT3=1 LUT5=1 LUT6=2 OBUFT=1)
  Output Delay:           0.000ns
  Clock Path Skew:        -5.281ns (DCD - SCD + CPR)
    Destination Clock Delay (DCD):    0.000ns
    Source Clock Delay      (SCD):    5.281ns
    Clock Pessimism Removal (CPR):    0.000ns
  Clock Uncertainty:      0.035ns  ((TSJ^2 + TIJ^2)^1/2 + DJ) / 2 + PE
    Total System Jitter     (TSJ):    0.071ns
    Total Input Jitter      (TIJ):    0.000ns
    Discrete Jitter          (DJ):    0.000ns
    Phase Error              (PE):    0.000ns
  Timing Exception:       False Path

    Location             Delay type                Incr(ns)  Path(ns)    Netlist Resource(s)
  -------------------------------------------------------------------    -------------------
                         (clock usb_clk rise edge)    0.000     0.000 r  
    F5                                                0.000     0.000 r  usb_clk (IN)
                         net (fo=0)                   0.000     0.000    usb_clk
    F5                   IBUF (Prop_ibuf_I_O)         1.461     1.461 r  usb_clk_IBUF_inst/O
                         net (fo=1, routed)           2.025     3.486    usb_clk_IBUF
    BUFGCTRL_X0Y16       BUFG (Prop_bufg_I_O)         0.096     3.582 r  U_usb_clk_buf/O
                         net (fo=846, routed)         1.699     5.281    U_usb_reg_fe/tio_clkout_OBUF
    SLICE_X88Y127        FDRE                                         r  U_usb_reg_fe/usb_addr_r_reg[13]/C
  -------------------------------------------------------------------    -------------------
    SLICE_X88Y127        FDRE (Prop_fdre_C_Q)         0.518     5.799 f  U_usb_reg_fe/usb_addr_r_reg[13]/Q
                         net (fo=36, routed)          1.918     7.717    U_usb_reg_fe/sel0[6]
    SLICE_X87Y128        LUT3 (Prop_lut3_I2_O)        0.124     7.841 f  U_usb_reg_fe/usb_data_IOBUF[5]_inst_i_7/O
                         net (fo=14, routed)          0.902     8.743    U_usb_reg_fe/usb_data_IOBUF[5]_inst_i_7_n_0
    SLICE_X87Y121        LUT6 (Prop_lut6_I3_O)        0.124     8.867 f  U_usb_reg_fe/usb_data_IOBUF[0]_inst_i_8/O
                         net (fo=1, routed)           1.324    10.191    U_usb_reg_fe/usb_data_IOBUF[0]_inst_i_8_n_0
    SLICE_X87Y127        LUT6 (Prop_lut6_I1_O)        0.124    10.315 f  U_usb_reg_fe/usb_data_IOBUF[0]_inst_i_3/O
                         net (fo=1, routed)           0.419    10.733    U_usb_reg_fe/usb_data_IOBUF[0]_inst_i_3_n_0
    SLICE_X88Y128        LUT5 (Prop_lut5_I2_O)        0.124    10.857 r  U_usb_reg_fe/usb_data_IOBUF[0]_inst_i_1/O
                         net (fo=1, routed)           2.275    13.132    usb_data_IOBUF[0]_inst/I
    A7                   OBUFT (Prop_obuft_I_O)       3.543    16.675 r  usb_data_IOBUF[0]_inst/OBUFT/O
                         net (fo=1, unset)            0.000    16.675    usb_data[0]
    A7                                                                r  usb_data[0] (INOUT)
  -------------------------------------------------------------------    -------------------

Slack:                    inf
  Source:                 U_usb_reg_fe/usb_addr_r_reg[13]/C
                            (rising edge-triggered cell FDRE clocked by usb_clk  {rise@0.000ns fall@5.000ns period=10.000ns})
  Destination:            usb_data[7]
                            (output port clocked by usb_clk  {rise@0.000ns fall@5.000ns period=10.000ns})
  Path Group:             (none)
  Path Type:              Max at Slow Process Corner
  Data Path Delay:        11.387ns  (logic 4.540ns (39.870%)  route 6.847ns (60.130%))
  Logic Levels:           5  (LUT3=1 LUT5=1 LUT6=2 OBUFT=1)
  Output Delay:           0.000ns
  Clock Path Skew:        -5.281ns (DCD - SCD + CPR)
    Destination Clock Delay (DCD):    0.000ns
    Source Clock Delay      (SCD):    5.281ns
    Clock Pessimism Removal (CPR):    0.000ns
  Clock Uncertainty:      0.035ns  ((TSJ^2 + TIJ^2)^1/2 + DJ) / 2 + PE
    Total System Jitter     (TSJ):    0.071ns
    Total Input Jitter      (TIJ):    0.000ns
    Discrete Jitter          (DJ):    0.000ns
    Phase Error              (PE):    0.000ns
  Timing Exception:       False Path

    Location             Delay type                Incr(ns)  Path(ns)    Netlist Resource(s)
  -------------------------------------------------------------------    -------------------
                         (clock usb_clk rise edge)    0.000     0.000 r  
    F5                                                0.000     0.000 r  usb_clk (IN)
                         net (fo=0)                   0.000     0.000    usb_clk
    F5                   IBUF (Prop_ibuf_I_O)         1.461     1.461 r  usb_clk_IBUF_inst/O
                         net (fo=1, routed)           2.025     3.486    usb_clk_IBUF
    BUFGCTRL_X0Y16       BUFG (Prop_bufg_I_O)         0.096     3.582 r  U_usb_clk_buf/O
                         net (fo=846, routed)         1.699     5.281    U_usb_reg_fe/tio_clkout_OBUF
    SLICE_X88Y127        FDRE                                         r  U_usb_reg_fe/usb_addr_r_reg[13]/C
  -------------------------------------------------------------------    -------------------
    SLICE_X88Y127        FDRE (Prop_fdre_C_Q)         0.518     5.799 f  U_usb_reg_fe/usb_addr_r_reg[13]/Q
                         net (fo=36, routed)          1.918     7.717    U_usb_reg_fe/sel0[6]
    SLICE_X87Y128        LUT3 (Prop_lut3_I2_O)        0.124     7.841 f  U_usb_reg_fe/usb_data_IOBUF[5]_inst_i_7/O
                         net (fo=14, routed)          0.531     8.371    U_usb_reg_fe/usb_data_IOBUF[5]_inst_i_7_n_0
    SLICE_X88Y126        LUT6 (Prop_lut6_I0_O)        0.124     8.495 r  U_usb_reg_fe/usb_data_IOBUF[7]_inst_i_9/O
                         net (fo=1, routed)           0.792     9.288    U_usb_reg_fe/usb_data_IOBUF[7]_inst_i_9_n_0
    SLICE_X87Y126        LUT5 (Prop_lut5_I0_O)        0.124     9.412 r  U_usb_reg_fe/usb_data_IOBUF[7]_inst_i_5/O
                         net (fo=1, routed)           0.945    10.356    U_usb_reg_fe/usb_data_IOBUF[7]_inst_i_5_n_0
    SLICE_X88Y126        LUT6 (Prop_lut6_I5_O)        0.124    10.480 r  U_usb_reg_fe/usb_data_IOBUF[7]_inst_i_1/O
                         net (fo=1, routed)           2.661    13.141    usb_data_IOBUF[7]_inst/I
    K2                   OBUFT (Prop_obuft_I_O)       3.526    16.667 r  usb_data_IOBUF[7]_inst/OBUFT/O
                         net (fo=1, unset)            0.000    16.667    usb_data[7]
    K2                                                                r  usb_data[7] (INOUT)
  -------------------------------------------------------------------    -------------------

Slack:                    inf
  Source:                 U_usb_reg_fe/usb_addr_r_reg[13]/C
                            (rising edge-triggered cell FDRE clocked by usb_clk  {rise@0.000ns fall@5.000ns period=10.000ns})
  Destination:            usb_data[1]
                            (output port clocked by usb_clk  {rise@0.000ns fall@5.000ns period=10.000ns})
  Path Group:             (none)
  Path Type:              Max at Slow Process Corner
  Data Path Delay:        11.349ns  (logic 4.554ns (40.132%)  route 6.794ns (59.868%))
  Logic Levels:           5  (LUT3=1 LUT6=3 OBUFT=1)
  Output Delay:           0.000ns
  Clock Path Skew:        -5.281ns (DCD - SCD + CPR)
    Destination Clock Delay (DCD):    0.000ns
    Source Clock Delay      (SCD):    5.281ns
    Clock Pessimism Removal (CPR):    0.000ns
  Clock Uncertainty:      0.035ns  ((TSJ^2 + TIJ^2)^1/2 + DJ) / 2 + PE
    Total System Jitter     (TSJ):    0.071ns
    Total Input Jitter      (TIJ):    0.000ns
    Discrete Jitter          (DJ):    0.000ns
    Phase Error              (PE):    0.000ns
  Timing Exception:       False Path

    Location             Delay type                Incr(ns)  Path(ns)    Netlist Resource(s)
  -------------------------------------------------------------------    -------------------
                         (clock usb_clk rise edge)    0.000     0.000 r  
    F5                                                0.000     0.000 r  usb_clk (IN)
                         net (fo=0)                   0.000     0.000    usb_clk
    F5                   IBUF (Prop_ibuf_I_O)         1.461     1.461 r  usb_clk_IBUF_inst/O
                         net (fo=1, routed)           2.025     3.486    usb_clk_IBUF
    BUFGCTRL_X0Y16       BUFG (Prop_bufg_I_O)         0.096     3.582 r  U_usb_clk_buf/O
                         net (fo=846, routed)         1.699     5.281    U_usb_reg_fe/tio_clkout_OBUF
    SLICE_X88Y127        FDRE                                         r  U_usb_reg_fe/usb_addr_r_reg[13]/C
  -------------------------------------------------------------------    -------------------
    SLICE_X88Y127        FDRE (Prop_fdre_C_Q)         0.518     5.799 f  U_usb_reg_fe/usb_addr_r_reg[13]/Q
                         net (fo=36, routed)          1.918     7.717    U_usb_reg_fe/sel0[6]
    SLICE_X87Y128        LUT3 (Prop_lut3_I2_O)        0.124     7.841 f  U_usb_reg_fe/usb_data_IOBUF[5]_inst_i_7/O
                         net (fo=14, routed)          0.812     8.652    U_usb_reg_fe/usb_data_IOBUF[5]_inst_i_7_n_0
    SLICE_X88Y126        LUT6 (Prop_lut6_I1_O)        0.124     8.776 f  U_usb_reg_fe/usb_data_IOBUF[1]_inst_i_11/O
                         net (fo=1, routed)           1.010     9.786    U_usb_reg_fe/usb_data_IOBUF[1]_inst_i_11_n_0
    SLICE_X87Y126        LUT6 (Prop_lut6_I5_O)        0.124     9.910 f  U_usb_reg_fe/usb_data_IOBUF[1]_inst_i_4/O
                         net (fo=1, routed)           0.797    10.707    U_usb_reg_fe/usb_data_IOBUF[1]_inst_i_4_n_0
    SLICE_X87Y127        LUT6 (Prop_lut6_I4_O)        0.124    10.831 r  U_usb_reg_fe/usb_data_IOBUF[1]_inst_i_1/O
                         net (fo=1, routed)           2.258    13.089    usb_data_IOBUF[1]_inst/I
    B6                   OBUFT (Prop_obuft_I_O)       3.540    16.629 r  usb_data_IOBUF[1]_inst/OBUFT/O
                         net (fo=1, unset)            0.000    16.629    usb_data[1]
    B6                                                                r  usb_data[1] (INOUT)
  -------------------------------------------------------------------    -------------------

Slack:                    inf
  Source:                 U_usb_reg_fe/usb_addr_r_reg[13]/C
                            (rising edge-triggered cell FDRE clocked by usb_clk  {rise@0.000ns fall@5.000ns period=10.000ns})
  Destination:            usb_data[2]
                            (output port clocked by usb_clk  {rise@0.000ns fall@5.000ns period=10.000ns})
  Path Group:             (none)
  Path Type:              Max at Slow Process Corner
  Data Path Delay:        10.427ns  (logic 4.545ns (43.590%)  route 5.882ns (56.410%))
  Logic Levels:           5  (LUT3=1 LUT5=1 LUT6=2 OBUFT=1)
  Output Delay:           0.000ns
  Clock Path Skew:        -5.281ns (DCD - SCD + CPR)
    Destination Clock Delay (DCD):    0.000ns
    Source Clock Delay      (SCD):    5.281ns
    Clock Pessimism Removal (CPR):    0.000ns
  Clock Uncertainty:      0.035ns  ((TSJ^2 + TIJ^2)^1/2 + DJ) / 2 + PE
    Total System Jitter     (TSJ):    0.071ns
    Total Input Jitter      (TIJ):    0.000ns
    Discrete Jitter          (DJ):    0.000ns
    Phase Error              (PE):    0.000ns
  Timing Exception:       False Path

    Location             Delay type                Incr(ns)  Path(ns)    Netlist Resource(s)
  -------------------------------------------------------------------    -------------------
                         (clock usb_clk rise edge)    0.000     0.000 r  
    F5                                                0.000     0.000 r  usb_clk (IN)
                         net (fo=0)                   0.000     0.000    usb_clk
    F5                   IBUF (Prop_ibuf_I_O)         1.461     1.461 r  usb_clk_IBUF_inst/O
                         net (fo=1, routed)           2.025     3.486    usb_clk_IBUF
    BUFGCTRL_X0Y16       BUFG (Prop_bufg_I_O)         0.096     3.582 r  U_usb_clk_buf/O
                         net (fo=846, routed)         1.699     5.281    U_usb_reg_fe/tio_clkout_OBUF
    SLICE_X88Y127        FDRE                                         r  U_usb_reg_fe/usb_addr_r_reg[13]/C
  -------------------------------------------------------------------    -------------------
    SLICE_X88Y127        FDRE (Prop_fdre_C_Q)         0.518     5.799 f  U_usb_reg_fe/usb_addr_r_reg[13]/Q
                         net (fo=36, routed)          1.918     7.717    U_usb_reg_fe/sel0[6]
    SLICE_X87Y128        LUT3 (Prop_lut3_I2_O)        0.124     7.841 f  U_usb_reg_fe/usb_data_IOBUF[5]_inst_i_7/O
                         net (fo=14, routed)          1.065     8.906    U_usb_reg_fe/usb_data_IOBUF[5]_inst_i_7_n_0
    SLICE_X88Y125        LUT5 (Prop_lut5_I3_O)        0.124     9.030 r  U_usb_reg_fe/usb_data_IOBUF[2]_inst_i_6/O
                         net (fo=1, routed)           0.939     9.969    U_usb_reg_fe/usb_data_IOBUF[2]_inst_i_6_n_0
    SLICE_X88Y128        LUT6 (Prop_lut6_I5_O)        0.124    10.093 f  U_usb_reg_fe/usb_data_IOBUF[2]_inst_i_2/O
                         net (fo=1, routed)           0.295    10.388    U_usb_reg_fe/usb_data_IOBUF[2]_inst_i_2_n_0
    SLICE_X89Y127        LUT6 (Prop_lut6_I1_O)        0.124    10.512 r  U_usb_reg_fe/usb_data_IOBUF[2]_inst_i_1/O
                         net (fo=1, routed)           1.664    12.176    usb_data_IOBUF[2]_inst/I
    D3                   OBUFT (Prop_obuft_I_O)       3.531    15.708 r  usb_data_IOBUF[2]_inst/OBUFT/O
                         net (fo=1, unset)            0.000    15.708    usb_data[2]
    D3                                                                r  usb_data[2] (INOUT)
  -------------------------------------------------------------------    -------------------

Slack:                    inf
  Source:                 U_usb_reg_fe/usb_addr_r_reg[0]/C
                            (rising edge-triggered cell FDRE clocked by usb_clk  {rise@0.000ns fall@5.000ns period=10.000ns})
  Destination:            usb_data[3]
                            (output port clocked by usb_clk  {rise@0.000ns fall@5.000ns period=10.000ns})
  Path Group:             (none)
  Path Type:              Max at Slow Process Corner
  Data Path Delay:        10.360ns  (logic 4.743ns (45.780%)  route 5.617ns (54.220%))
  Logic Levels:           5  (LUT6=3 MUXF7=1 OBUFT=1)
  Output Delay:           0.000ns
  Clock Path Skew:        -5.281ns (DCD - SCD + CPR)
    Destination Clock Delay (DCD):    0.000ns
    Source Clock Delay      (SCD):    5.281ns
    Clock Pessimism Removal (CPR):    0.000ns
  Clock Uncertainty:      0.035ns  ((TSJ^2 + TIJ^2)^1/2 + DJ) / 2 + PE
    Total System Jitter     (TSJ):    0.071ns
    Total Input Jitter      (TIJ):    0.000ns
    Discrete Jitter          (DJ):    0.000ns
    Phase Error              (PE):    0.000ns
  Timing Exception:       False Path

    Location             Delay type                Incr(ns)  Path(ns)    Netlist Resource(s)
  -------------------------------------------------------------------    -------------------
                         (clock usb_clk rise edge)    0.000     0.000 r  
    F5                                                0.000     0.000 r  usb_clk (IN)
                         net (fo=0)                   0.000     0.000    usb_clk
    F5                   IBUF (Prop_ibuf_I_O)         1.461     1.461 r  usb_clk_IBUF_inst/O
                         net (fo=1, routed)           2.025     3.486    usb_clk_IBUF
    BUFGCTRL_X0Y16       BUFG (Prop_bufg_I_O)         0.096     3.582 r  U_usb_clk_buf/O
                         net (fo=846, routed)         1.699     5.281    U_usb_reg_fe/tio_clkout_OBUF
    SLICE_X87Y127        FDRE                                         r  U_usb_reg_fe/usb_addr_r_reg[0]/C
  -------------------------------------------------------------------    -------------------
    SLICE_X87Y127        FDRE (Prop_fdre_C_Q)         0.456     5.737 r  U_usb_reg_fe/usb_addr_r_reg[0]/Q
                         net (fo=40, routed)          2.071     7.807    U_usb_reg_fe/usb_addr_r_reg_n_0_[0]
    SLICE_X89Y120        LUT6 (Prop_lut6_I4_O)        0.124     7.931 f  U_usb_reg_fe/usb_data_IOBUF[3]_inst_i_11/O
                         net (fo=1, routed)           0.835     8.766    U_usb_reg_fe/usb_data_IOBUF[3]_inst_i_11_n_0
    SLICE_X86Y124        LUT6 (Prop_lut6_I3_O)        0.124     8.890 f  U_usb_reg_fe/usb_data_IOBUF[3]_inst_i_8/O
                         net (fo=1, routed)           0.000     8.890    U_usb_reg_fe/usb_data_IOBUF[3]_inst_i_8_n_0
    SLICE_X86Y124        MUXF7 (Prop_muxf7_I0_O)      0.212     9.102 f  U_usb_reg_fe/usb_data_IOBUF[3]_inst_i_4/O
                         net (fo=1, routed)           1.042    10.144    U_usb_reg_fe/usb_data_IOBUF[3]_inst_i_4_n_0
    SLICE_X88Y127        LUT6 (Prop_lut6_I5_O)        0.299    10.443 r  U_usb_reg_fe/usb_data_IOBUF[3]_inst_i_1/O
                         net (fo=1, routed)           1.670    12.113    usb_data_IOBUF[3]_inst/I
    E3                   OBUFT (Prop_obuft_I_O)       3.528    15.641 r  usb_data_IOBUF[3]_inst/OBUFT/O
                         net (fo=1, unset)            0.000    15.641    usb_data[3]
    E3                                                                r  usb_data[3] (INOUT)
  -------------------------------------------------------------------    -------------------

Slack:                    inf
  Source:                 U_usb_reg_fe/usb_addr_r_reg[0]/C
                            (rising edge-triggered cell FDRE clocked by usb_clk  {rise@0.000ns fall@5.000ns period=10.000ns})
  Destination:            usb_data[5]
                            (output port clocked by usb_clk  {rise@0.000ns fall@5.000ns period=10.000ns})
  Path Group:             (none)
  Path Type:              Max at Slow Process Corner
  Data Path Delay:        10.320ns  (logic 4.759ns (46.118%)  route 5.560ns (53.882%))
  Logic Levels:           5  (LUT5=1 LUT6=2 MUXF7=1 OBUFT=1)
  Output Delay:           0.000ns
  Clock Path Skew:        -5.281ns (DCD - SCD + CPR)
    Destination Clock Delay (DCD):    0.000ns
    Source Clock Delay      (SCD):    5.281ns
    Clock Pessimism Removal (CPR):    0.000ns
  Clock Uncertainty:      0.035ns  ((TSJ^2 + TIJ^2)^1/2 + DJ) / 2 + PE
    Total System Jitter     (TSJ):    0.071ns
    Total Input Jitter      (TIJ):    0.000ns
    Discrete Jitter          (DJ):    0.000ns
    Phase Error              (PE):    0.000ns
  Timing Exception:       False Path

    Location             Delay type                Incr(ns)  Path(ns)    Netlist Resource(s)
  -------------------------------------------------------------------    -------------------
                         (clock usb_clk rise edge)    0.000     0.000 r  
    F5                                                0.000     0.000 r  usb_clk (IN)
                         net (fo=0)                   0.000     0.000    usb_clk
    F5                   IBUF (Prop_ibuf_I_O)         1.461     1.461 r  usb_clk_IBUF_inst/O
                         net (fo=1, routed)           2.025     3.486    usb_clk_IBUF
    BUFGCTRL_X0Y16       BUFG (Prop_bufg_I_O)         0.096     3.582 r  U_usb_clk_buf/O
                         net (fo=846, routed)         1.699     5.281    U_usb_reg_fe/tio_clkout_OBUF
    SLICE_X87Y127        FDRE                                         r  U_usb_reg_fe/usb_addr_r_reg[0]/C
  -------------------------------------------------------------------    -------------------
    SLICE_X87Y127        FDRE (Prop_fdre_C_Q)         0.456     5.737 r  U_usb_reg_fe/usb_addr_r_reg[0]/Q
                         net (fo=40, routed)          1.471     7.208    U_usb_reg_fe/usb_addr_r_reg_n_0_[0]
    SLICE_X87Y117        LUT6 (Prop_lut6_I4_O)        0.124     7.332 f  U_usb_reg_fe/usb_data_IOBUF[5]_inst_i_14/O
                         net (fo=1, routed)           1.166     8.498    U_usb_reg_fe/usb_data_IOBUF[5]_inst_i_14_n_0
    SLICE_X86Y127        LUT5 (Prop_lut5_I4_O)        0.124     8.622 f  U_usb_reg_fe/usb_data_IOBUF[5]_inst_i_11/O
                         net (fo=1, routed)           0.000     8.622    U_usb_reg_fe/usb_data_IOBUF[5]_inst_i_11_n_0
    SLICE_X86Y127        MUXF7 (Prop_muxf7_I1_O)      0.217     8.839 f  U_usb_reg_fe/usb_data_IOBUF[5]_inst_i_5/O
                         net (fo=1, routed)           0.662     9.500    U_usb_reg_fe/usb_data_IOBUF[5]_inst_i_5_n_0
    SLICE_X88Y127        LUT6 (Prop_lut6_I5_O)        0.299     9.799 r  U_usb_reg_fe/usb_data_IOBUF[5]_inst_i_1/O
                         net (fo=1, routed)           2.261    12.061    usb_data_IOBUF[5]_inst/I
    B5                   OBUFT (Prop_obuft_I_O)       3.539    15.600 r  usb_data_IOBUF[5]_inst/OBUFT/O
                         net (fo=1, unset)            0.000    15.600    usb_data[5]
    B5                                                                r  usb_data[5] (INOUT)
  -------------------------------------------------------------------    -------------------

Slack:                    inf
  Source:                 U_usb_reg_fe/usb_addr_r_reg[0]/C
                            (rising edge-triggered cell FDRE clocked by usb_clk  {rise@0.000ns fall@5.000ns period=10.000ns})
  Destination:            usb_data[4]
                            (output port clocked by usb_clk  {rise@0.000ns fall@5.000ns period=10.000ns})
  Path Group:             (none)
  Path Type:              Max at Slow Process Corner
  Data Path Delay:        9.924ns  (logic 4.739ns (47.751%)  route 5.185ns (52.249%))
  Logic Levels:           5  (LUT6=3 MUXF7=1 OBUFT=1)
  Output Delay:           0.000ns
  Clock Path Skew:        -5.281ns (DCD - SCD + CPR)
    Destination Clock Delay (DCD):    0.000ns
    Source Clock Delay      (SCD):    5.281ns
    Clock Pessimism Removal (CPR):    0.000ns
  Clock Uncertainty:      0.035ns  ((TSJ^2 + TIJ^2)^1/2 + DJ) / 2 + PE
    Total System Jitter     (TSJ):    0.071ns
    Total Input Jitter      (TIJ):    0.000ns
    Discrete Jitter          (DJ):    0.000ns
    Phase Error              (PE):    0.000ns
  Timing Exception:       False Path

    Location             Delay type                Incr(ns)  Path(ns)    Netlist Resource(s)
  -------------------------------------------------------------------    -------------------
                         (clock usb_clk rise edge)    0.000     0.000 r  
    F5                                                0.000     0.000 r  usb_clk (IN)
                         net (fo=0)                   0.000     0.000    usb_clk
    F5                   IBUF (Prop_ibuf_I_O)         1.461     1.461 r  usb_clk_IBUF_inst/O
                         net (fo=1, routed)           2.025     3.486    usb_clk_IBUF
    BUFGCTRL_X0Y16       BUFG (Prop_bufg_I_O)         0.096     3.582 r  U_usb_clk_buf/O
                         net (fo=846, routed)         1.699     5.281    U_usb_reg_fe/tio_clkout_OBUF
    SLICE_X87Y127        FDRE                                         r  U_usb_reg_fe/usb_addr_r_reg[0]/C
  -------------------------------------------------------------------    -------------------
    SLICE_X87Y127        FDRE (Prop_fdre_C_Q)         0.456     5.737 r  U_usb_reg_fe/usb_addr_r_reg[0]/Q
                         net (fo=40, routed)          1.453     7.189    U_usb_reg_fe/usb_addr_r_reg_n_0_[0]
    SLICE_X88Y124        LUT6 (Prop_lut6_I3_O)        0.124     7.313 f  U_usb_reg_fe/usb_data_IOBUF[4]_inst_i_11/O
                         net (fo=1, routed)           0.833     8.147    U_usb_reg_fe/usb_data_IOBUF[4]_inst_i_11_n_0
    SLICE_X88Y127        LUT6 (Prop_lut6_I3_O)        0.124     8.271 f  U_usb_reg_fe/usb_data_IOBUF[4]_inst_i_8/O
                         net (fo=1, routed)           0.000     8.271    U_usb_reg_fe/usb_data_IOBUF[4]_inst_i_8_n_0
    SLICE_X88Y127        MUXF7 (Prop_muxf7_I0_O)      0.209     8.480 f  U_usb_reg_fe/usb_data_IOBUF[4]_inst_i_4/O
                         net (fo=1, routed)           1.140     9.620    U_usb_reg_fe/usb_data_IOBUF[4]_inst_i_4_n_0
    SLICE_X89Y127        LUT6 (Prop_lut6_I5_O)        0.297     9.917 r  U_usb_reg_fe/usb_data_IOBUF[4]_inst_i_1/O
                         net (fo=1, routed)           1.759    11.676    usb_data_IOBUF[4]_inst/I
    F3                   OBUFT (Prop_obuft_I_O)       3.529    15.204 r  usb_data_IOBUF[4]_inst/OBUFT/O
                         net (fo=1, unset)            0.000    15.204    usb_data[4]
    F3                                                                r  usb_data[4] (INOUT)
  -------------------------------------------------------------------    -------------------

Slack:                    inf
  Source:                 usb_clk
                            (clock source 'usb_clk'  {rise@0.000ns fall@5.000ns period=10.000ns})
  Destination:            tio_clkout
                            (output port clocked by usb_clk  {rise@0.000ns fall@5.000ns period=10.000ns})
  Path Group:             (none)
  Path Type:              Max at Slow Process Corner
  Data Path Delay:        10.169ns  (logic 5.120ns (50.353%)  route 5.049ns (49.647%))
  Logic Levels:           3  (BUFG=1 IBUF=1 OBUF=1)
  Output Delay:           0.000ns
  Clock Uncertainty:      0.035ns  ((TSJ^2 + TIJ^2)^1/2 + DJ) / 2 + PE
    Total System Jitter     (TSJ):    0.071ns
    Total Input Jitter      (TIJ):    0.000ns
    Discrete Jitter          (DJ):    0.000ns
    Phase Error              (PE):    0.000ns
  Timing Exception:       False Path

    Location             Delay type                Incr(ns)  Path(ns)    Netlist Resource(s)
  -------------------------------------------------------------------    -------------------
                         (clock usb_clk fall edge)    5.000     5.000 f  
    F5                                                0.000     5.000 f  usb_clk (IN)
                         net (fo=0)                   0.000     5.000    usb_clk
    F5                   IBUF (Prop_ibuf_I_O)         1.461     6.461 f  usb_clk_IBUF_inst/O
                         net (fo=1, routed)           2.025     8.486    usb_clk_IBUF
    BUFGCTRL_X0Y16       BUFG (Prop_bufg_I_O)         0.096     8.582 f  U_usb_clk_buf/O
                         net (fo=846, routed)         3.024    11.606    tio_clkout_OBUF
    M16                  OBUF (Prop_obuf_I_O)         3.563    15.169 f  tio_clkout_OBUF_inst/O
                         net (fo=0)                   0.000    15.169    tio_clkout
    M16                                                               f  tio_clkout (OUT)
  -------------------------------------------------------------------    -------------------

Slack:                    inf
  Source:                 direct_write_count_reg[3]/C
                            (rising edge-triggered cell FDRE clocked by usb_clk  {rise@0.000ns fall@5.000ns period=10.000ns})
  Destination:            led3
                            (output port clocked by usb_clk  {rise@0.000ns fall@5.000ns period=10.000ns})
  Path Group:             (none)
  Path Type:              Max at Slow Process Corner
  Data Path Delay:        9.194ns  (logic 4.693ns (51.045%)  route 4.501ns (48.955%))
  Logic Levels:           3  (LUT4=1 LUT5=1 OBUF=1)
  Output Delay:           0.000ns
  Clock Path Skew:        -5.285ns (DCD - SCD + CPR)
    Destination Clock Delay (DCD):    0.000ns
    Source Clock Delay      (SCD):    5.285ns
    Clock Pessimism Removal (CPR):    0.000ns
  Clock Uncertainty:      0.035ns  ((TSJ^2 + TIJ^2)^1/2 + DJ) / 2 + PE
    Total System Jitter     (TSJ):    0.071ns
    Total Input Jitter      (TIJ):    0.000ns
    Discrete Jitter          (DJ):    0.000ns
    Phase Error              (PE):    0.000ns
  Timing Exception:       False Path

    Location             Delay type                Incr(ns)  Path(ns)    Netlist Resource(s)
  -------------------------------------------------------------------    -------------------
                         (clock usb_clk rise edge)    0.000     0.000 r  
    F5                                                0.000     0.000 r  usb_clk (IN)
                         net (fo=0)                   0.000     0.000    usb_clk
    F5                   IBUF (Prop_ibuf_I_O)         1.461     1.461 r  usb_clk_IBUF_inst/O
                         net (fo=1, routed)           2.025     3.486    usb_clk_IBUF
    BUFGCTRL_X0Y16       BUFG (Prop_bufg_I_O)         0.096     3.582 r  U_usb_clk_buf/O
                         net (fo=846, routed)         1.703     5.285    tio_clkout_OBUF
    SLICE_X87Y129        FDRE                                         r  direct_write_count_reg[3]/C
  -------------------------------------------------------------------    -------------------
    SLICE_X87Y129        FDRE (Prop_fdre_C_Q)         0.456     5.741 r  direct_write_count_reg[3]/Q
                         net (fo=6, routed)           1.017     6.758    direct_write_count_reg[3]
    SLICE_X87Y129        LUT4 (Prop_lut4_I2_O)        0.124     6.882 r  led3_OBUF_inst_i_2/O
                         net (fo=1, routed)           0.154     7.036    led3_OBUF_inst_i_2_n_0
    SLICE_X87Y129        LUT5 (Prop_lut5_I4_O)        0.124     7.160 r  led3_OBUF_inst_i_1/O
                         net (fo=1, routed)           3.330    10.490    led3_OBUF
    T4                   OBUF (Prop_obuf_I_O)         3.989    14.479 r  led3_OBUF_inst/O
                         net (fo=0)                   0.000    14.479    led3
    T4                                                                r  led3 (OUT)
  -------------------------------------------------------------------    -------------------





Min Delay Paths
--------------------------------------------------------------------------------------
Slack:                    inf
  Source:                 usb_clk
                            (clock source 'usb_clk'  {rise@0.000ns fall@5.000ns period=10.000ns})
  Destination:            tio_clkout
                            (output port clocked by usb_clk  {rise@0.000ns fall@5.000ns period=10.000ns})
  Path Group:             (none)
  Path Type:              Min at Fast Process Corner
  Data Path Delay:        2.917ns  (logic 1.519ns (52.066%)  route 1.398ns (47.934%))
  Logic Levels:           3  (BUFG=1 IBUF=1 OBUF=1)
  Output Delay:           0.000ns
  Clock Uncertainty:      0.035ns  ((TSJ^2 + TIJ^2)^1/2 + DJ) / 2 + PE
    Total System Jitter     (TSJ):    0.071ns
    Total Input Jitter      (TIJ):    0.000ns
    Discrete Jitter          (DJ):    0.000ns
    Phase Error              (PE):    0.000ns
  Timing Exception:       False Path

    Location             Delay type                Incr(ns)  Path(ns)    Netlist Resource(s)
  -------------------------------------------------------------------    -------------------
                         (clock usb_clk rise edge)    0.000     0.000 r  
    F5                                                0.000     0.000 r  usb_clk (IN)
                         net (fo=0)                   0.000     0.000    usb_clk
    F5                   IBUF (Prop_ibuf_I_O)         0.229     0.229 r  usb_clk_IBUF_inst/O
                         net (fo=1, routed)           0.644     0.873    usb_clk_IBUF
    BUFGCTRL_X0Y16       BUFG (Prop_bufg_I_O)         0.026     0.899 r  U_usb_clk_buf/O
                         net (fo=846, routed)         0.754     1.654    tio_clkout_OBUF
    M16                  OBUF (Prop_obuf_I_O)         1.264     2.917 r  tio_clkout_OBUF_inst/O
                         net (fo=0)                   0.000     2.917    tio_clkout
    M16                                                               r  tio_clkout (OUT)
  -------------------------------------------------------------------    -------------------

Slack:                    inf
  Source:                 U_usb_reg_fe/usb_rdn_r_reg/C
                            (rising edge-triggered cell FDRE clocked by usb_clk  {rise@0.000ns fall@5.000ns period=10.000ns})
  Destination:            usb_data[2]
                            (output port clocked by usb_clk  {rise@0.000ns fall@5.000ns period=10.000ns})
  Path Group:             (none)
  Path Type:              Min at Fast Process Corner
  Data Path Delay:        1.801ns  (logic 1.010ns (56.070%)  route 0.791ns (43.930%))
  Logic Levels:           2  (LUT4=1 OBUFT=1)
  Output Delay:           0.000ns
  Clock Path Skew:        -1.494ns (DCD - SCD - CPR)
    Destination Clock Delay (DCD):    0.000ns
    Source Clock Delay      (SCD):    1.494ns
    Clock Pessimism Removal (CPR):    -0.000ns
  Clock Uncertainty:      0.035ns  ((TSJ^2 + TIJ^2)^1/2 + DJ) / 2 + PE
    Total System Jitter     (TSJ):    0.071ns
    Total Input Jitter      (TIJ):    0.000ns
    Discrete Jitter          (DJ):    0.000ns
    Phase Error              (PE):    0.000ns
  Timing Exception:       False Path

    Location             Delay type                Incr(ns)  Path(ns)    Netlist Resource(s)
  -------------------------------------------------------------------    -------------------
                         (clock usb_clk rise edge)    0.000     0.000 r  
    F5                                                0.000     0.000 r  usb_clk (IN)
                         net (fo=0)                   0.000     0.000    usb_clk
    F5                   IBUF (Prop_ibuf_I_O)         0.229     0.229 r  usb_clk_IBUF_inst/O
                         net (fo=1, routed)           0.644     0.873    usb_clk_IBUF
    BUFGCTRL_X0Y16       BUFG (Prop_bufg_I_O)         0.026     0.899 r  U_usb_clk_buf/O
                         net (fo=846, routed)         0.595     1.494    U_usb_reg_fe/tio_clkout_OBUF
    SLICE_X89Y132        FDRE                                         r  U_usb_reg_fe/usb_rdn_r_reg/C
  -------------------------------------------------------------------    -------------------
    SLICE_X89Y132        FDRE (Prop_fdre_C_Q)         0.141     1.635 r  U_usb_reg_fe/usb_rdn_r_reg/Q
                         net (fo=2, routed)           0.138     1.773    U_usb_reg_fe/usb_rdn_r
    SLICE_X89Y132        LUT4 (Prop_lut4_I3_O)        0.045     1.818 r  U_usb_reg_fe/usb_data_IOBUF[7]_inst_i_2/O
                         net (fo=8, routed)           0.653     2.471    usb_data_IOBUF[2]_inst/T
    D3                   OBUFT (TriStatD_obuft_T_O)
                                                      0.824     3.295 r  usb_data_IOBUF[2]_inst/OBUFT/O
                         net (fo=1, unset)            0.000     3.295    usb_data[2]
    D3                                                                r  usb_data[2] (INOUT)
  -------------------------------------------------------------------    -------------------

Slack:                    inf
  Source:                 U_usb_reg_fe/usb_rdn_r_reg/C
                            (rising edge-triggered cell FDRE clocked by usb_clk  {rise@0.000ns fall@5.000ns period=10.000ns})
  Destination:            usb_data[3]
                            (output port clocked by usb_clk  {rise@0.000ns fall@5.000ns period=10.000ns})
  Path Group:             (none)
  Path Type:              Min at Fast Process Corner
  Data Path Delay:        1.857ns  (logic 1.010ns (54.383%)  route 0.847ns (45.617%))
  Logic Levels:           2  (LUT4=1 OBUFT=1)
  Output Delay:           0.000ns
  Clock Path Skew:        -1.494ns (DCD - SCD - CPR)
    Destination Clock Delay (DCD):    0.000ns
    Source Clock Delay      (SCD):    1.494ns
    Clock Pessimism Removal (CPR):    -0.000ns
  Clock Uncertainty:      0.035ns  ((TSJ^2 + TIJ^2)^1/2 + DJ) / 2 + PE
    Total System Jitter     (TSJ):    0.071ns
    Total Input Jitter      (TIJ):    0.000ns
    Discrete Jitter          (DJ):    0.000ns
    Phase Error              (PE):    0.000ns
  Timing Exception:       False Path

    Location             Delay type                Incr(ns)  Path(ns)    Netlist Resource(s)
  -------------------------------------------------------------------    -------------------
                         (clock usb_clk rise edge)    0.000     0.000 r  
    F5                                                0.000     0.000 r  usb_clk (IN)
                         net (fo=0)                   0.000     0.000    usb_clk
    F5                   IBUF (Prop_ibuf_I_O)         0.229     0.229 r  usb_clk_IBUF_inst/O
                         net (fo=1, routed)           0.644     0.873    usb_clk_IBUF
    BUFGCTRL_X0Y16       BUFG (Prop_bufg_I_O)         0.026     0.899 r  U_usb_clk_buf/O
                         net (fo=846, routed)         0.595     1.494    U_usb_reg_fe/tio_clkout_OBUF
    SLICE_X89Y132        FDRE                                         r  U_usb_reg_fe/usb_rdn_r_reg/C
  -------------------------------------------------------------------    -------------------
    SLICE_X89Y132        FDRE (Prop_fdre_C_Q)         0.141     1.635 r  U_usb_reg_fe/usb_rdn_r_reg/Q
                         net (fo=2, routed)           0.138     1.773    U_usb_reg_fe/usb_rdn_r
    SLICE_X89Y132        LUT4 (Prop_lut4_I3_O)        0.045     1.818 r  U_usb_reg_fe/usb_data_IOBUF[7]_inst_i_2/O
                         net (fo=8, routed)           0.709     2.527    usb_data_IOBUF[3]_inst/T
    E3                   OBUFT (TriStatD_obuft_T_O)
                                                      0.824     3.351 r  usb_data_IOBUF[3]_inst/OBUFT/O
                         net (fo=1, unset)            0.000     3.351    usb_data[3]
    E3                                                                r  usb_data[3] (INOUT)
  -------------------------------------------------------------------    -------------------

Slack:                    inf
  Source:                 U_usb_reg_fe/usb_rdn_r_reg/C
                            (rising edge-triggered cell FDRE clocked by usb_clk  {rise@0.000ns fall@5.000ns period=10.000ns})
  Destination:            usb_data[5]
                            (output port clocked by usb_clk  {rise@0.000ns fall@5.000ns period=10.000ns})
  Path Group:             (none)
  Path Type:              Min at Fast Process Corner
  Data Path Delay:        1.936ns  (logic 1.010ns (52.171%)  route 0.926ns (47.829%))
  Logic Levels:           2  (LUT4=1 OBUFT=1)
  Output Delay:           0.000ns
  Clock Path Skew:        -1.494ns (DCD - SCD - CPR)
    Destination Clock Delay (DCD):    0.000ns
    Source Clock Delay      (SCD):    1.494ns
    Clock Pessimism Removal (CPR):    -0.000ns
  Clock Uncertainty:      0.035ns  ((TSJ^2 + TIJ^2)^1/2 + DJ) / 2 + PE
    Total System Jitter     (TSJ):    0.071ns
    Total Input Jitter      (TIJ):    0.000ns
    Discrete Jitter          (DJ):    0.000ns
    Phase Error              (PE):    0.000ns
  Timing Exception:       False Path

    Location             Delay type                Incr(ns)  Path(ns)    Netlist Resource(s)
  -------------------------------------------------------------------    -------------------
                         (clock usb_clk rise edge)    0.000     0.000 r  
    F5                                                0.000     0.000 r  usb_clk (IN)
                         net (fo=0)                   0.000     0.000    usb_clk
    F5                   IBUF (Prop_ibuf_I_O)         0.229     0.229 r  usb_clk_IBUF_inst/O
                         net (fo=1, routed)           0.644     0.873    usb_clk_IBUF
    BUFGCTRL_X0Y16       BUFG (Prop_bufg_I_O)         0.026     0.899 r  U_usb_clk_buf/O
                         net (fo=846, routed)         0.595     1.494    U_usb_reg_fe/tio_clkout_OBUF
    SLICE_X89Y132        FDRE                                         r  U_usb_reg_fe/usb_rdn_r_reg/C
  -------------------------------------------------------------------    -------------------
    SLICE_X89Y132        FDRE (Prop_fdre_C_Q)         0.141     1.635 r  U_usb_reg_fe/usb_rdn_r_reg/Q
                         net (fo=2, routed)           0.138     1.773    U_usb_reg_fe/usb_rdn_r
    SLICE_X89Y132        LUT4 (Prop_lut4_I3_O)        0.045     1.818 r  U_usb_reg_fe/usb_data_IOBUF[7]_inst_i_2/O
                         net (fo=8, routed)           0.788     2.606    usb_data_IOBUF[5]_inst/T
    B5                   OBUFT (TriStatD_obuft_T_O)
                                                      0.824     3.430 r  usb_data_IOBUF[5]_inst/OBUFT/O
                         net (fo=1, unset)            0.000     3.430    usb_data[5]
    B5                                                                r  usb_data[5] (INOUT)
  -------------------------------------------------------------------    -------------------

Slack:                    inf
  Source:                 U_usb_reg_fe/usb_rdn_r_reg/C
                            (rising edge-triggered cell FDRE clocked by usb_clk  {rise@0.000ns fall@5.000ns period=10.000ns})
  Destination:            usb_data[4]
                            (output port clocked by usb_clk  {rise@0.000ns fall@5.000ns period=10.000ns})
  Path Group:             (none)
  Path Type:              Min at Fast Process Corner
  Data Path Delay:        1.989ns  (logic 1.010ns (50.777%)  route 0.979ns (49.223%))
  Logic Levels:           2  (LUT4=1 OBUFT=1)
  Output Delay:           0.000ns
  Clock Path Skew:        -1.494ns (DCD - SCD - CPR)
    Destination Clock Delay (DCD):    0.000ns
    Source Clock Delay      (SCD):    1.494ns
    Clock Pessimism Removal (CPR):    -0.000ns
  Clock Uncertainty:      0.035ns  ((TSJ^2 + TIJ^2)^1/2 + DJ) / 2 + PE
    Total System Jitter     (TSJ):    0.071ns
    Total Input Jitter      (TIJ):    0.000ns
    Discrete Jitter          (DJ):    0.000ns
    Phase Error              (PE):    0.000ns
  Timing Exception:       False Path

    Location             Delay type                Incr(ns)  Path(ns)    Netlist Resource(s)
  -------------------------------------------------------------------    -------------------
                         (clock usb_clk rise edge)    0.000     0.000 r  
    F5                                                0.000     0.000 r  usb_clk (IN)
                         net (fo=0)                   0.000     0.000    usb_clk
    F5                   IBUF (Prop_ibuf_I_O)         0.229     0.229 r  usb_clk_IBUF_inst/O
                         net (fo=1, routed)           0.644     0.873    usb_clk_IBUF
    BUFGCTRL_X0Y16       BUFG (Prop_bufg_I_O)         0.026     0.899 r  U_usb_clk_buf/O
                         net (fo=846, routed)         0.595     1.494    U_usb_reg_fe/tio_clkout_OBUF
    SLICE_X89Y132        FDRE                                         r  U_usb_reg_fe/usb_rdn_r_reg/C
  -------------------------------------------------------------------    -------------------
    SLICE_X89Y132        FDRE (Prop_fdre_C_Q)         0.141     1.635 r  U_usb_reg_fe/usb_rdn_r_reg/Q
                         net (fo=2, routed)           0.138     1.773    U_usb_reg_fe/usb_rdn_r
    SLICE_X89Y132        LUT4 (Prop_lut4_I3_O)        0.045     1.818 r  U_usb_reg_fe/usb_data_IOBUF[7]_inst_i_2/O
                         net (fo=8, routed)           0.841     2.659    usb_data_IOBUF[4]_inst/T
    F3                   OBUFT (TriStatD_obuft_T_O)
                                                      0.824     3.483 r  usb_data_IOBUF[4]_inst/OBUFT/O
                         net (fo=1, unset)            0.000     3.483    usb_data[4]
    F3                                                                r  usb_data[4] (INOUT)
  -------------------------------------------------------------------    -------------------

Slack:                    inf
  Source:                 U_usb_reg_fe/usb_rdn_r_reg/C
                            (rising edge-triggered cell FDRE clocked by usb_clk  {rise@0.000ns fall@5.000ns period=10.000ns})
  Destination:            usb_data[1]
                            (output port clocked by usb_clk  {rise@0.000ns fall@5.000ns period=10.000ns})
  Path Group:             (none)
  Path Type:              Min at Fast Process Corner
  Data Path Delay:        2.001ns  (logic 1.010ns (50.478%)  route 0.991ns (49.522%))
  Logic Levels:           2  (LUT4=1 OBUFT=1)
  Output Delay:           0.000ns
  Clock Path Skew:        -1.494ns (DCD - SCD - CPR)
    Destination Clock Delay (DCD):    0.000ns
    Source Clock Delay      (SCD):    1.494ns
    Clock Pessimism Removal (CPR):    -0.000ns
  Clock Uncertainty:      0.035ns  ((TSJ^2 + TIJ^2)^1/2 + DJ) / 2 + PE
    Total System Jitter     (TSJ):    0.071ns
    Total Input Jitter      (TIJ):    0.000ns
    Discrete Jitter          (DJ):    0.000ns
    Phase Error              (PE):    0.000ns
  Timing Exception:       False Path

    Location             Delay type                Incr(ns)  Path(ns)    Netlist Resource(s)
  -------------------------------------------------------------------    -------------------
                         (clock usb_clk rise edge)    0.000     0.000 r  
    F5                                                0.000     0.000 r  usb_clk (IN)
                         net (fo=0)                   0.000     0.000    usb_clk
    F5                   IBUF (Prop_ibuf_I_O)         0.229     0.229 r  usb_clk_IBUF_inst/O
                         net (fo=1, routed)           0.644     0.873    usb_clk_IBUF
    BUFGCTRL_X0Y16       BUFG (Prop_bufg_I_O)         0.026     0.899 r  U_usb_clk_buf/O
                         net (fo=846, routed)         0.595     1.494    U_usb_reg_fe/tio_clkout_OBUF
    SLICE_X89Y132        FDRE                                         r  U_usb_reg_fe/usb_rdn_r_reg/C
  -------------------------------------------------------------------    -------------------
    SLICE_X89Y132        FDRE (Prop_fdre_C_Q)         0.141     1.635 r  U_usb_reg_fe/usb_rdn_r_reg/Q
                         net (fo=2, routed)           0.138     1.773    U_usb_reg_fe/usb_rdn_r
    SLICE_X89Y132        LUT4 (Prop_lut4_I3_O)        0.045     1.818 r  U_usb_reg_fe/usb_data_IOBUF[7]_inst_i_2/O
                         net (fo=8, routed)           0.853     2.671    usb_data_IOBUF[1]_inst/T
    B6                   OBUFT (TriStatD_obuft_T_O)
                                                      0.824     3.495 r  usb_data_IOBUF[1]_inst/OBUFT/O
                         net (fo=1, unset)            0.000     3.495    usb_data[1]
    B6                                                                r  usb_data[1] (INOUT)
  -------------------------------------------------------------------    -------------------

Slack:                    inf
  Source:                 U_usb_reg_fe/usb_rdn_r_reg/C
                            (rising edge-triggered cell FDRE clocked by usb_clk  {rise@0.000ns fall@5.000ns period=10.000ns})
  Destination:            usb_data[0]
                            (output port clocked by usb_clk  {rise@0.000ns fall@5.000ns period=10.000ns})
  Path Group:             (none)
  Path Type:              Min at Fast Process Corner
  Data Path Delay:        2.056ns  (logic 1.010ns (49.127%)  route 1.046ns (50.873%))
  Logic Levels:           2  (LUT4=1 OBUFT=1)
  Output Delay:           0.000ns
  Clock Path Skew:        -1.494ns (DCD - SCD - CPR)
    Destination Clock Delay (DCD):    0.000ns
    Source Clock Delay      (SCD):    1.494ns
    Clock Pessimism Removal (CPR):    -0.000ns
  Clock Uncertainty:      0.035ns  ((TSJ^2 + TIJ^2)^1/2 + DJ) / 2 + PE
    Total System Jitter     (TSJ):    0.071ns
    Total Input Jitter      (TIJ):    0.000ns
    Discrete Jitter          (DJ):    0.000ns
    Phase Error              (PE):    0.000ns
  Timing Exception:       False Path

    Location             Delay type                Incr(ns)  Path(ns)    Netlist Resource(s)
  -------------------------------------------------------------------    -------------------
                         (clock usb_clk rise edge)    0.000     0.000 r  
    F5                                                0.000     0.000 r  usb_clk (IN)
                         net (fo=0)                   0.000     0.000    usb_clk
    F5                   IBUF (Prop_ibuf_I_O)         0.229     0.229 r  usb_clk_IBUF_inst/O
                         net (fo=1, routed)           0.644     0.873    usb_clk_IBUF
    BUFGCTRL_X0Y16       BUFG (Prop_bufg_I_O)         0.026     0.899 r  U_usb_clk_buf/O
                         net (fo=846, routed)         0.595     1.494    U_usb_reg_fe/tio_clkout_OBUF
    SLICE_X89Y132        FDRE                                         r  U_usb_reg_fe/usb_rdn_r_reg/C
  -------------------------------------------------------------------    -------------------
    SLICE_X89Y132        FDRE (Prop_fdre_C_Q)         0.141     1.635 r  U_usb_reg_fe/usb_rdn_r_reg/Q
                         net (fo=2, routed)           0.138     1.773    U_usb_reg_fe/usb_rdn_r
    SLICE_X89Y132        LUT4 (Prop_lut4_I3_O)        0.045     1.818 r  U_usb_reg_fe/usb_data_IOBUF[7]_inst_i_2/O
                         net (fo=8, routed)           0.908     2.726    usb_data_IOBUF[0]_inst/T
    A7                   OBUFT (TriStatD_obuft_T_O)
                                                      0.824     3.550 r  usb_data_IOBUF[0]_inst/OBUFT/O
                         net (fo=1, unset)            0.000     3.550    usb_data[0]
    A7                                                                r  usb_data[0] (INOUT)
  -------------------------------------------------------------------    -------------------

Slack:                    inf
  Source:                 U_usb_reg_fe/usb_addr_r_reg[14]/C
                            (rising edge-triggered cell FDRE clocked by usb_clk  {rise@0.000ns fall@5.000ns period=10.000ns})
  Destination:            usb_data[7]
                            (output port clocked by usb_clk  {rise@0.000ns fall@5.000ns period=10.000ns})
  Path Group:             (none)
  Path Type:              Min at Fast Process Corner
  Data Path Delay:        2.260ns  (logic 1.413ns (62.514%)  route 0.847ns (37.486%))
  Logic Levels:           2  (LUT6=1 OBUFT=1)
  Output Delay:           0.000ns
  Clock Path Skew:        -1.488ns (DCD - SCD - CPR)
    Destination Clock Delay (DCD):    0.000ns
    Source Clock Delay      (SCD):    1.488ns
    Clock Pessimism Removal (CPR):    -0.000ns
  Clock Uncertainty:      0.035ns  ((TSJ^2 + TIJ^2)^1/2 + DJ) / 2 + PE
    Total System Jitter     (TSJ):    0.071ns
    Total Input Jitter      (TIJ):    0.000ns
    Discrete Jitter          (DJ):    0.000ns
    Phase Error              (PE):    0.000ns
  Timing Exception:       False Path

    Location             Delay type                Incr(ns)  Path(ns)    Netlist Resource(s)
  -------------------------------------------------------------------    -------------------
                         (clock usb_clk rise edge)    0.000     0.000 r  
    F5                                                0.000     0.000 r  usb_clk (IN)
                         net (fo=0)                   0.000     0.000    usb_clk
    F5                   IBUF (Prop_ibuf_I_O)         0.229     0.229 r  usb_clk_IBUF_inst/O
                         net (fo=1, routed)           0.644     0.873    usb_clk_IBUF
    BUFGCTRL_X0Y16       BUFG (Prop_bufg_I_O)         0.026     0.899 r  U_usb_clk_buf/O
                         net (fo=846, routed)         0.589     1.488    U_usb_reg_fe/tio_clkout_OBUF
    SLICE_X89Y126        FDRE                                         r  U_usb_reg_fe/usb_addr_r_reg[14]/C
  -------------------------------------------------------------------    -------------------
    SLICE_X89Y126        FDRE (Prop_fdre_C_Q)         0.141     1.629 f  U_usb_reg_fe/usb_addr_r_reg[14]/Q
                         net (fo=5, routed)           0.077     1.706    U_usb_reg_fe/usb_addr_r_reg_n_0_[14]
    SLICE_X88Y126        LUT6 (Prop_lut6_I2_O)        0.045     1.751 r  U_usb_reg_fe/usb_data_IOBUF[7]_inst_i_1/O
                         net (fo=1, routed)           0.770     2.521    usb_data_IOBUF[7]_inst/I
    K2                   OBUFT (Prop_obuft_I_O)       1.227     3.748 r  usb_data_IOBUF[7]_inst/OBUFT/O
                         net (fo=1, unset)            0.000     3.748    usb_data[7]
    K2                                                                r  usb_data[7] (INOUT)
  -------------------------------------------------------------------    -------------------

Slack:                    inf
  Source:                 U_usb_reg_fe/usb_rdn_r_reg/C
                            (rising edge-triggered cell FDRE clocked by usb_clk  {rise@0.000ns fall@5.000ns period=10.000ns})
  Destination:            usb_data[6]
                            (output port clocked by usb_clk  {rise@0.000ns fall@5.000ns period=10.000ns})
  Path Group:             (none)
  Path Type:              Min at Fast Process Corner
  Data Path Delay:        2.277ns  (logic 1.010ns (44.350%)  route 1.267ns (55.650%))
  Logic Levels:           2  (LUT4=1 OBUFT=1)
  Output Delay:           0.000ns
  Clock Path Skew:        -1.494ns (DCD - SCD - CPR)
    Destination Clock Delay (DCD):    0.000ns
    Source Clock Delay      (SCD):    1.494ns
    Clock Pessimism Removal (CPR):    -0.000ns
  Clock Uncertainty:      0.035ns  ((TSJ^2 + TIJ^2)^1/2 + DJ) / 2 + PE
    Total System Jitter     (TSJ):    0.071ns
    Total Input Jitter      (TIJ):    0.000ns
    Discrete Jitter          (DJ):    0.000ns
    Phase Error              (PE):    0.000ns
  Timing Exception:       False Path

    Location             Delay type                Incr(ns)  Path(ns)    Netlist Resource(s)
  -------------------------------------------------------------------    -------------------
                         (clock usb_clk rise edge)    0.000     0.000 r  
    F5                                                0.000     0.000 r  usb_clk (IN)
                         net (fo=0)                   0.000     0.000    usb_clk
    F5                   IBUF (Prop_ibuf_I_O)         0.229     0.229 r  usb_clk_IBUF_inst/O
                         net (fo=1, routed)           0.644     0.873    usb_clk_IBUF
    BUFGCTRL_X0Y16       BUFG (Prop_bufg_I_O)         0.026     0.899 r  U_usb_clk_buf/O
                         net (fo=846, routed)         0.595     1.494    U_usb_reg_fe/tio_clkout_OBUF
    SLICE_X89Y132        FDRE                                         r  U_usb_reg_fe/usb_rdn_r_reg/C
  -------------------------------------------------------------------    -------------------
    SLICE_X89Y132        FDRE (Prop_fdre_C_Q)         0.141     1.635 r  U_usb_reg_fe/usb_rdn_r_reg/Q
                         net (fo=2, routed)           0.138     1.773    U_usb_reg_fe/usb_rdn_r
    SLICE_X89Y132        LUT4 (Prop_lut4_I3_O)        0.045     1.818 r  U_usb_reg_fe/usb_data_IOBUF[7]_inst_i_2/O
                         net (fo=8, routed)           1.129     2.947    usb_data_IOBUF[6]_inst/T
    K1                   OBUFT (TriStatD_obuft_T_O)
                                                      0.824     3.771 r  usb_data_IOBUF[6]_inst/OBUFT/O
                         net (fo=1, unset)            0.000     3.771    usb_data[6]
    K1                                                                r  usb_data[6] (INOUT)
  -------------------------------------------------------------------    -------------------

Slack:                    inf
  Source:                 busy_reg_reg/C
                            (rising edge-triggered cell FDRE clocked by usb_clk  {rise@0.000ns fall@5.000ns period=10.000ns})
  Destination:            led2
                            (output port clocked by usb_clk  {rise@0.000ns fall@5.000ns period=10.000ns})
  Path Group:             (none)
  Path Type:              Min at Fast Process Corner
  Data Path Delay:        2.956ns  (logic 2.134ns (72.197%)  route 0.822ns (27.803%))
  Logic Levels:           1  (OBUF=1)
  Output Delay:           0.000ns
  Clock Path Skew:        -1.496ns (DCD - SCD - CPR)
    Destination Clock Delay (DCD):    0.000ns
    Source Clock Delay      (SCD):    1.496ns
    Clock Pessimism Removal (CPR):    -0.000ns
  Clock Uncertainty:      0.035ns  ((TSJ^2 + TIJ^2)^1/2 + DJ) / 2 + PE
    Total System Jitter     (TSJ):    0.071ns
    Total Input Jitter      (TIJ):    0.000ns
    Discrete Jitter          (DJ):    0.000ns
    Phase Error              (PE):    0.000ns
  Timing Exception:       False Path

    Location             Delay type                Incr(ns)  Path(ns)    Netlist Resource(s)
  -------------------------------------------------------------------    -------------------
                         (clock usb_clk rise edge)    0.000     0.000 r  
    F5                                                0.000     0.000 r  usb_clk (IN)
                         net (fo=0)                   0.000     0.000    usb_clk
    F5                   IBUF (Prop_ibuf_I_O)         0.229     0.229 r  usb_clk_IBUF_inst/O
                         net (fo=1, routed)           0.644     0.873    usb_clk_IBUF
    BUFGCTRL_X0Y16       BUFG (Prop_bufg_I_O)         0.026     0.899 r  U_usb_clk_buf/O
                         net (fo=846, routed)         0.597     1.496    tio_clkout_OBUF
    SLICE_X86Y115        FDRE                                         r  busy_reg_reg/C
  -------------------------------------------------------------------    -------------------
    SLICE_X86Y115        FDRE (Prop_fdre_C_Q)         0.141     1.637 r  busy_reg_reg/Q
                         net (fo=15, routed)          0.822     2.459    led2_OBUF
    T3                   OBUF (Prop_obuf_I_O)         1.993     4.452 r  led2_OBUF_inst/O
                         net (fo=0)                   0.000     4.452    led2
    T3                                                                r  led2 (OUT)
  -------------------------------------------------------------------    -------------------





--------------------------------------------------------------------------------------
Path Group:  (none)
From Clock:  
  To Clock:  usb_clk

Max Delay            60 Endpoints
Min Delay            60 Endpoints
--------------------------------------------------------------------------------------


Max Delay Paths
--------------------------------------------------------------------------------------
Slack:                    inf
  Source:                 U_butterfly/core/MR1/mq_s20__0/ACOUT[0]
                            (internal pin)
  Destination:            U_butterfly/core/MR1/mq_s2_reg__0/ACIN[0]
                            (rising edge-triggered cell DSP48E1 clocked by usb_clk  {rise@0.000ns fall@5.000ns period=10.000ns})
  Path Group:             (none)
  Path Type:              Setup (Max at Slow Process Corner)
  Data Path Delay:        0.002ns  (logic 0.000ns (0.000%)  route 0.002ns (100.000%))
  Logic Levels:           0  
  Clock Uncertainty:      0.025ns  ((TSJ^2 + TIJ^2)^1/2 + DJ) / 2 + PE
    Total System Jitter     (TSJ):    0.050ns
    Total Input Jitter      (TIJ):    0.000ns
    Discrete Jitter          (DJ):    0.000ns
    Phase Error              (PE):    0.000ns

    Location             Delay type                Incr(ns)  Path(ns)    Netlist Resource(s)
  -------------------------------------------------------------------    -------------------
    DSP48_X1Y42          DSP48E1                      0.000     0.000 r  U_butterfly/core/MR1/mq_s20__0/ACOUT[0]
                         net (fo=1, routed)           0.002     0.002    U_butterfly/core/MR1/mq_s20__0_n_53
    DSP48_X1Y43          DSP48E1                                      r  U_butterfly/core/MR1/mq_s2_reg__0/ACIN[0]
  -------------------------------------------------------------------    -------------------

                         (clock usb_clk rise edge)    0.000     0.000 r  
    F5                                                0.000     0.000 r  usb_clk (IN)
                         net (fo=0)                   0.000     0.000    usb_clk
    F5                   IBUF (Prop_ibuf_I_O)         1.391     1.391 r  usb_clk_IBUF_inst/O
                         net (fo=1, routed)           1.920     3.311    usb_clk_IBUF
    BUFGCTRL_X0Y16       BUFG (Prop_bufg_I_O)         0.091     3.402 r  U_usb_clk_buf/O
                         net (fo=846, routed)         1.577     4.979    U_butterfly/core/MR1/tio_clkout_OBUF
    DSP48_X1Y43          DSP48E1                                      r  U_butterfly/core/MR1/mq_s2_reg__0/CLK

Slack:                    inf
  Source:                 U_butterfly/core/MR1/mq_s20__0/ACOUT[10]
                            (internal pin)
  Destination:            U_butterfly/core/MR1/mq_s2_reg__0/ACIN[10]
                            (rising edge-triggered cell DSP48E1 clocked by usb_clk  {rise@0.000ns fall@5.000ns period=10.000ns})
  Path Group:             (none)
  Path Type:              Setup (Max at Slow Process Corner)
  Data Path Delay:        0.002ns  (logic 0.000ns (0.000%)  route 0.002ns (100.000%))
  Logic Levels:           0  
  Clock Uncertainty:      0.025ns  ((TSJ^2 + TIJ^2)^1/2 + DJ) / 2 + PE
    Total System Jitter     (TSJ):    0.050ns
    Total Input Jitter      (TIJ):    0.000ns
    Discrete Jitter          (DJ):    0.000ns
    Phase Error              (PE):    0.000ns

    Location             Delay type                Incr(ns)  Path(ns)    Netlist Resource(s)
  -------------------------------------------------------------------    -------------------
    DSP48_X1Y42          DSP48E1                      0.000     0.000 r  U_butterfly/core/MR1/mq_s20__0/ACOUT[10]
                         net (fo=1, routed)           0.002     0.002    U_butterfly/core/MR1/mq_s20__0_n_43
    DSP48_X1Y43          DSP48E1                                      r  U_butterfly/core/MR1/mq_s2_reg__0/ACIN[10]
  -------------------------------------------------------------------    -------------------

                         (clock usb_clk rise edge)    0.000     0.000 r  
    F5                                                0.000     0.000 r  usb_clk (IN)
                         net (fo=0)                   0.000     0.000    usb_clk
    F5                   IBUF (Prop_ibuf_I_O)         1.391     1.391 r  usb_clk_IBUF_inst/O
                         net (fo=1, routed)           1.920     3.311    usb_clk_IBUF
    BUFGCTRL_X0Y16       BUFG (Prop_bufg_I_O)         0.091     3.402 r  U_usb_clk_buf/O
                         net (fo=846, routed)         1.577     4.979    U_butterfly/core/MR1/tio_clkout_OBUF
    DSP48_X1Y43          DSP48E1                                      r  U_butterfly/core/MR1/mq_s2_reg__0/CLK

Slack:                    inf
  Source:                 U_butterfly/core/MR1/mq_s20__0/ACOUT[11]
                            (internal pin)
  Destination:            U_butterfly/core/MR1/mq_s2_reg__0/ACIN[11]
                            (rising edge-triggered cell DSP48E1 clocked by usb_clk  {rise@0.000ns fall@5.000ns period=10.000ns})
  Path Group:             (none)
  Path Type:              Setup (Max at Slow Process Corner)
  Data Path Delay:        0.002ns  (logic 0.000ns (0.000%)  route 0.002ns (100.000%))
  Logic Levels:           0  
  Clock Uncertainty:      0.025ns  ((TSJ^2 + TIJ^2)^1/2 + DJ) / 2 + PE
    Total System Jitter     (TSJ):    0.050ns
    Total Input Jitter      (TIJ):    0.000ns
    Discrete Jitter          (DJ):    0.000ns
    Phase Error              (PE):    0.000ns

    Location             Delay type                Incr(ns)  Path(ns)    Netlist Resource(s)
  -------------------------------------------------------------------    -------------------
    DSP48_X1Y42          DSP48E1                      0.000     0.000 r  U_butterfly/core/MR1/mq_s20__0/ACOUT[11]
                         net (fo=1, routed)           0.002     0.002    U_butterfly/core/MR1/mq_s20__0_n_42
    DSP48_X1Y43          DSP48E1                                      r  U_butterfly/core/MR1/mq_s2_reg__0/ACIN[11]
  -------------------------------------------------------------------    -------------------

                         (clock usb_clk rise edge)    0.000     0.000 r  
    F5                                                0.000     0.000 r  usb_clk (IN)
                         net (fo=0)                   0.000     0.000    usb_clk
    F5                   IBUF (Prop_ibuf_I_O)         1.391     1.391 r  usb_clk_IBUF_inst/O
                         net (fo=1, routed)           1.920     3.311    usb_clk_IBUF
    BUFGCTRL_X0Y16       BUFG (Prop_bufg_I_O)         0.091     3.402 r  U_usb_clk_buf/O
                         net (fo=846, routed)         1.577     4.979    U_butterfly/core/MR1/tio_clkout_OBUF
    DSP48_X1Y43          DSP48E1                                      r  U_butterfly/core/MR1/mq_s2_reg__0/CLK

Slack:                    inf
  Source:                 U_butterfly/core/MR1/mq_s20__0/ACOUT[12]
                            (internal pin)
  Destination:            U_butterfly/core/MR1/mq_s2_reg__0/ACIN[12]
                            (rising edge-triggered cell DSP48E1 clocked by usb_clk  {rise@0.000ns fall@5.000ns period=10.000ns})
  Path Group:             (none)
  Path Type:              Setup (Max at Slow Process Corner)
  Data Path Delay:        0.002ns  (logic 0.000ns (0.000%)  route 0.002ns (100.000%))
  Logic Levels:           0  
  Clock Uncertainty:      0.025ns  ((TSJ^2 + TIJ^2)^1/2 + DJ) / 2 + PE
    Total System Jitter     (TSJ):    0.050ns
    Total Input Jitter      (TIJ):    0.000ns
    Discrete Jitter          (DJ):    0.000ns
    Phase Error              (PE):    0.000ns

    Location             Delay type                Incr(ns)  Path(ns)    Netlist Resource(s)
  -------------------------------------------------------------------    -------------------
    DSP48_X1Y42          DSP48E1                      0.000     0.000 r  U_butterfly/core/MR1/mq_s20__0/ACOUT[12]
                         net (fo=1, routed)           0.002     0.002    U_butterfly/core/MR1/mq_s20__0_n_41
    DSP48_X1Y43          DSP48E1                                      r  U_butterfly/core/MR1/mq_s2_reg__0/ACIN[12]
  -------------------------------------------------------------------    -------------------

                         (clock usb_clk rise edge)    0.000     0.000 r  
    F5                                                0.000     0.000 r  usb_clk (IN)
                         net (fo=0)                   0.000     0.000    usb_clk
    F5                   IBUF (Prop_ibuf_I_O)         1.391     1.391 r  usb_clk_IBUF_inst/O
                         net (fo=1, routed)           1.920     3.311    usb_clk_IBUF
    BUFGCTRL_X0Y16       BUFG (Prop_bufg_I_O)         0.091     3.402 r  U_usb_clk_buf/O
                         net (fo=846, routed)         1.577     4.979    U_butterfly/core/MR1/tio_clkout_OBUF
    DSP48_X1Y43          DSP48E1                                      r  U_butterfly/core/MR1/mq_s2_reg__0/CLK

Slack:                    inf
  Source:                 U_butterfly/core/MR1/mq_s20__0/ACOUT[13]
                            (internal pin)
  Destination:            U_butterfly/core/MR1/mq_s2_reg__0/ACIN[13]
                            (rising edge-triggered cell DSP48E1 clocked by usb_clk  {rise@0.000ns fall@5.000ns period=10.000ns})
  Path Group:             (none)
  Path Type:              Setup (Max at Slow Process Corner)
  Data Path Delay:        0.002ns  (logic 0.000ns (0.000%)  route 0.002ns (100.000%))
  Logic Levels:           0  
  Clock Uncertainty:      0.025ns  ((TSJ^2 + TIJ^2)^1/2 + DJ) / 2 + PE
    Total System Jitter     (TSJ):    0.050ns
    Total Input Jitter      (TIJ):    0.000ns
    Discrete Jitter          (DJ):    0.000ns
    Phase Error              (PE):    0.000ns

    Location             Delay type                Incr(ns)  Path(ns)    Netlist Resource(s)
  -------------------------------------------------------------------    -------------------
    DSP48_X1Y42          DSP48E1                      0.000     0.000 r  U_butterfly/core/MR1/mq_s20__0/ACOUT[13]
                         net (fo=1, routed)           0.002     0.002    U_butterfly/core/MR1/mq_s20__0_n_40
    DSP48_X1Y43          DSP48E1                                      r  U_butterfly/core/MR1/mq_s2_reg__0/ACIN[13]
  -------------------------------------------------------------------    -------------------

                         (clock usb_clk rise edge)    0.000     0.000 r  
    F5                                                0.000     0.000 r  usb_clk (IN)
                         net (fo=0)                   0.000     0.000    usb_clk
    F5                   IBUF (Prop_ibuf_I_O)         1.391     1.391 r  usb_clk_IBUF_inst/O
                         net (fo=1, routed)           1.920     3.311    usb_clk_IBUF
    BUFGCTRL_X0Y16       BUFG (Prop_bufg_I_O)         0.091     3.402 r  U_usb_clk_buf/O
                         net (fo=846, routed)         1.577     4.979    U_butterfly/core/MR1/tio_clkout_OBUF
    DSP48_X1Y43          DSP48E1                                      r  U_butterfly/core/MR1/mq_s2_reg__0/CLK

Slack:                    inf
  Source:                 U_butterfly/core/MR1/mq_s20__0/ACOUT[14]
                            (internal pin)
  Destination:            U_butterfly/core/MR1/mq_s2_reg__0/ACIN[14]
                            (rising edge-triggered cell DSP48E1 clocked by usb_clk  {rise@0.000ns fall@5.000ns period=10.000ns})
  Path Group:             (none)
  Path Type:              Setup (Max at Slow Process Corner)
  Data Path Delay:        0.002ns  (logic 0.000ns (0.000%)  route 0.002ns (100.000%))
  Logic Levels:           0  
  Clock Uncertainty:      0.025ns  ((TSJ^2 + TIJ^2)^1/2 + DJ) / 2 + PE
    Total System Jitter     (TSJ):    0.050ns
    Total Input Jitter      (TIJ):    0.000ns
    Discrete Jitter          (DJ):    0.000ns
    Phase Error              (PE):    0.000ns

    Location             Delay type                Incr(ns)  Path(ns)    Netlist Resource(s)
  -------------------------------------------------------------------    -------------------
    DSP48_X1Y42          DSP48E1                      0.000     0.000 r  U_butterfly/core/MR1/mq_s20__0/ACOUT[14]
                         net (fo=1, routed)           0.002     0.002    U_butterfly/core/MR1/mq_s20__0_n_39
    DSP48_X1Y43          DSP48E1                                      r  U_butterfly/core/MR1/mq_s2_reg__0/ACIN[14]
  -------------------------------------------------------------------    -------------------

                         (clock usb_clk rise edge)    0.000     0.000 r  
    F5                                                0.000     0.000 r  usb_clk (IN)
                         net (fo=0)                   0.000     0.000    usb_clk
    F5                   IBUF (Prop_ibuf_I_O)         1.391     1.391 r  usb_clk_IBUF_inst/O
                         net (fo=1, routed)           1.920     3.311    usb_clk_IBUF
    BUFGCTRL_X0Y16       BUFG (Prop_bufg_I_O)         0.091     3.402 r  U_usb_clk_buf/O
                         net (fo=846, routed)         1.577     4.979    U_butterfly/core/MR1/tio_clkout_OBUF
    DSP48_X1Y43          DSP48E1                                      r  U_butterfly/core/MR1/mq_s2_reg__0/CLK

Slack:                    inf
  Source:                 U_butterfly/core/MR1/mq_s20__0/ACOUT[15]
                            (internal pin)
  Destination:            U_butterfly/core/MR1/mq_s2_reg__0/ACIN[15]
                            (rising edge-triggered cell DSP48E1 clocked by usb_clk  {rise@0.000ns fall@5.000ns period=10.000ns})
  Path Group:             (none)
  Path Type:              Setup (Max at Slow Process Corner)
  Data Path Delay:        0.002ns  (logic 0.000ns (0.000%)  route 0.002ns (100.000%))
  Logic Levels:           0  
  Clock Uncertainty:      0.025ns  ((TSJ^2 + TIJ^2)^1/2 + DJ) / 2 + PE
    Total System Jitter     (TSJ):    0.050ns
    Total Input Jitter      (TIJ):    0.000ns
    Discrete Jitter          (DJ):    0.000ns
    Phase Error              (PE):    0.000ns

    Location             Delay type                Incr(ns)  Path(ns)    Netlist Resource(s)
  -------------------------------------------------------------------    -------------------
    DSP48_X1Y42          DSP48E1                      0.000     0.000 r  U_butterfly/core/MR1/mq_s20__0/ACOUT[15]
                         net (fo=1, routed)           0.002     0.002    U_butterfly/core/MR1/mq_s20__0_n_38
    DSP48_X1Y43          DSP48E1                                      r  U_butterfly/core/MR1/mq_s2_reg__0/ACIN[15]
  -------------------------------------------------------------------    -------------------

                         (clock usb_clk rise edge)    0.000     0.000 r  
    F5                                                0.000     0.000 r  usb_clk (IN)
                         net (fo=0)                   0.000     0.000    usb_clk
    F5                   IBUF (Prop_ibuf_I_O)         1.391     1.391 r  usb_clk_IBUF_inst/O
                         net (fo=1, routed)           1.920     3.311    usb_clk_IBUF
    BUFGCTRL_X0Y16       BUFG (Prop_bufg_I_O)         0.091     3.402 r  U_usb_clk_buf/O
                         net (fo=846, routed)         1.577     4.979    U_butterfly/core/MR1/tio_clkout_OBUF
    DSP48_X1Y43          DSP48E1                                      r  U_butterfly/core/MR1/mq_s2_reg__0/CLK

Slack:                    inf
  Source:                 U_butterfly/core/MR1/mq_s20__0/ACOUT[16]
                            (internal pin)
  Destination:            U_butterfly/core/MR1/mq_s2_reg__0/ACIN[16]
                            (rising edge-triggered cell DSP48E1 clocked by usb_clk  {rise@0.000ns fall@5.000ns period=10.000ns})
  Path Group:             (none)
  Path Type:              Setup (Max at Slow Process Corner)
  Data Path Delay:        0.002ns  (logic 0.000ns (0.000%)  route 0.002ns (100.000%))
  Logic Levels:           0  
  Clock Uncertainty:      0.025ns  ((TSJ^2 + TIJ^2)^1/2 + DJ) / 2 + PE
    Total System Jitter     (TSJ):    0.050ns
    Total Input Jitter      (TIJ):    0.000ns
    Discrete Jitter          (DJ):    0.000ns
    Phase Error              (PE):    0.000ns

    Location             Delay type                Incr(ns)  Path(ns)    Netlist Resource(s)
  -------------------------------------------------------------------    -------------------
    DSP48_X1Y42          DSP48E1                      0.000     0.000 r  U_butterfly/core/MR1/mq_s20__0/ACOUT[16]
                         net (fo=1, routed)           0.002     0.002    U_butterfly/core/MR1/mq_s20__0_n_37
    DSP48_X1Y43          DSP48E1                                      r  U_butterfly/core/MR1/mq_s2_reg__0/ACIN[16]
  -------------------------------------------------------------------    -------------------

                         (clock usb_clk rise edge)    0.000     0.000 r  
    F5                                                0.000     0.000 r  usb_clk (IN)
                         net (fo=0)                   0.000     0.000    usb_clk
    F5                   IBUF (Prop_ibuf_I_O)         1.391     1.391 r  usb_clk_IBUF_inst/O
                         net (fo=1, routed)           1.920     3.311    usb_clk_IBUF
    BUFGCTRL_X0Y16       BUFG (Prop_bufg_I_O)         0.091     3.402 r  U_usb_clk_buf/O
                         net (fo=846, routed)         1.577     4.979    U_butterfly/core/MR1/tio_clkout_OBUF
    DSP48_X1Y43          DSP48E1                                      r  U_butterfly/core/MR1/mq_s2_reg__0/CLK

Slack:                    inf
  Source:                 U_butterfly/core/MR1/mq_s20__0/ACOUT[17]
                            (internal pin)
  Destination:            U_butterfly/core/MR1/mq_s2_reg__0/ACIN[17]
                            (rising edge-triggered cell DSP48E1 clocked by usb_clk  {rise@0.000ns fall@5.000ns period=10.000ns})
  Path Group:             (none)
  Path Type:              Setup (Max at Slow Process Corner)
  Data Path Delay:        0.002ns  (logic 0.000ns (0.000%)  route 0.002ns (100.000%))
  Logic Levels:           0  
  Clock Uncertainty:      0.025ns  ((TSJ^2 + TIJ^2)^1/2 + DJ) / 2 + PE
    Total System Jitter     (TSJ):    0.050ns
    Total Input Jitter      (TIJ):    0.000ns
    Discrete Jitter          (DJ):    0.000ns
    Phase Error              (PE):    0.000ns

    Location             Delay type                Incr(ns)  Path(ns)    Netlist Resource(s)
  -------------------------------------------------------------------    -------------------
    DSP48_X1Y42          DSP48E1                      0.000     0.000 r  U_butterfly/core/MR1/mq_s20__0/ACOUT[17]
                         net (fo=1, routed)           0.002     0.002    U_butterfly/core/MR1/mq_s20__0_n_36
    DSP48_X1Y43          DSP48E1                                      r  U_butterfly/core/MR1/mq_s2_reg__0/ACIN[17]
  -------------------------------------------------------------------    -------------------

                         (clock usb_clk rise edge)    0.000     0.000 r  
    F5                                                0.000     0.000 r  usb_clk (IN)
                         net (fo=0)                   0.000     0.000    usb_clk
    F5                   IBUF (Prop_ibuf_I_O)         1.391     1.391 r  usb_clk_IBUF_inst/O
                         net (fo=1, routed)           1.920     3.311    usb_clk_IBUF
    BUFGCTRL_X0Y16       BUFG (Prop_bufg_I_O)         0.091     3.402 r  U_usb_clk_buf/O
                         net (fo=846, routed)         1.577     4.979    U_butterfly/core/MR1/tio_clkout_OBUF
    DSP48_X1Y43          DSP48E1                                      r  U_butterfly/core/MR1/mq_s2_reg__0/CLK

Slack:                    inf
  Source:                 U_butterfly/core/MR1/mq_s20__0/ACOUT[18]
                            (internal pin)
  Destination:            U_butterfly/core/MR1/mq_s2_reg__0/ACIN[18]
                            (rising edge-triggered cell DSP48E1 clocked by usb_clk  {rise@0.000ns fall@5.000ns period=10.000ns})
  Path Group:             (none)
  Path Type:              Setup (Max at Slow Process Corner)
  Data Path Delay:        0.002ns  (logic 0.000ns (0.000%)  route 0.002ns (100.000%))
  Logic Levels:           0  
  Clock Uncertainty:      0.025ns  ((TSJ^2 + TIJ^2)^1/2 + DJ) / 2 + PE
    Total System Jitter     (TSJ):    0.050ns
    Total Input Jitter      (TIJ):    0.000ns
    Discrete Jitter          (DJ):    0.000ns
    Phase Error              (PE):    0.000ns

    Location             Delay type                Incr(ns)  Path(ns)    Netlist Resource(s)
  -------------------------------------------------------------------    -------------------
    DSP48_X1Y42          DSP48E1                      0.000     0.000 r  U_butterfly/core/MR1/mq_s20__0/ACOUT[18]
                         net (fo=1, routed)           0.002     0.002    U_butterfly/core/MR1/mq_s20__0_n_35
    DSP48_X1Y43          DSP48E1                                      r  U_butterfly/core/MR1/mq_s2_reg__0/ACIN[18]
  -------------------------------------------------------------------    -------------------

                         (clock usb_clk rise edge)    0.000     0.000 r  
    F5                                                0.000     0.000 r  usb_clk (IN)
                         net (fo=0)                   0.000     0.000    usb_clk
    F5                   IBUF (Prop_ibuf_I_O)         1.391     1.391 r  usb_clk_IBUF_inst/O
                         net (fo=1, routed)           1.920     3.311    usb_clk_IBUF
    BUFGCTRL_X0Y16       BUFG (Prop_bufg_I_O)         0.091     3.402 r  U_usb_clk_buf/O
                         net (fo=846, routed)         1.577     4.979    U_butterfly/core/MR1/tio_clkout_OBUF
    DSP48_X1Y43          DSP48E1                                      r  U_butterfly/core/MR1/mq_s2_reg__0/CLK





Min Delay Paths
--------------------------------------------------------------------------------------
Slack:                    inf
  Source:                 U_butterfly/core/MR1/mq_s20__0/ACOUT[0]
                            (internal pin)
  Destination:            U_butterfly/core/MR1/mq_s2_reg__0/ACIN[0]
                            (rising edge-triggered cell DSP48E1 clocked by usb_clk  {rise@0.000ns fall@5.000ns period=10.000ns})
  Path Group:             (none)
  Path Type:              Hold (Min at Slow Process Corner)
  Data Path Delay:        0.002ns  (logic 0.000ns (0.000%)  route 0.002ns (100.000%))
  Logic Levels:           0  
  Clock Uncertainty:      0.025ns  ((TSJ^2 + TIJ^2)^1/2 + DJ) / 2 + PE
    Total System Jitter     (TSJ):    0.050ns
    Total Input Jitter      (TIJ):    0.000ns
    Discrete Jitter          (DJ):    0.000ns
    Phase Error              (PE):    0.000ns

    Location             Delay type                Incr(ns)  Path(ns)    Netlist Resource(s)
  -------------------------------------------------------------------    -------------------
    DSP48_X1Y42          DSP48E1                      0.000     0.000 r  U_butterfly/core/MR1/mq_s20__0/ACOUT[0]
                         net (fo=1, routed)           0.002     0.002    U_butterfly/core/MR1/mq_s20__0_n_53
    DSP48_X1Y43          DSP48E1                                      r  U_butterfly/core/MR1/mq_s2_reg__0/ACIN[0]
  -------------------------------------------------------------------    -------------------

                         (clock usb_clk rise edge)    0.000     0.000 r  
    F5                                                0.000     0.000 r  usb_clk (IN)
                         net (fo=0)                   0.000     0.000    usb_clk
    F5                   IBUF (Prop_ibuf_I_O)         1.461     1.461 r  usb_clk_IBUF_inst/O
                         net (fo=1, routed)           2.025     3.486    usb_clk_IBUF
    BUFGCTRL_X0Y16       BUFG (Prop_bufg_I_O)         0.096     3.582 r  U_usb_clk_buf/O
                         net (fo=846, routed)         1.699     5.280    U_butterfly/core/MR1/tio_clkout_OBUF
    DSP48_X1Y43          DSP48E1                                      r  U_butterfly/core/MR1/mq_s2_reg__0/CLK

Slack:                    inf
  Source:                 U_butterfly/core/MR1/mq_s20__0/ACOUT[10]
                            (internal pin)
  Destination:            U_butterfly/core/MR1/mq_s2_reg__0/ACIN[10]
                            (rising edge-triggered cell DSP48E1 clocked by usb_clk  {rise@0.000ns fall@5.000ns period=10.000ns})
  Path Group:             (none)
  Path Type:              Hold (Min at Slow Process Corner)
  Data Path Delay:        0.002ns  (logic 0.000ns (0.000%)  route 0.002ns (100.000%))
  Logic Levels:           0  
  Clock Uncertainty:      0.025ns  ((TSJ^2 + TIJ^2)^1/2 + DJ) / 2 + PE
    Total System Jitter     (TSJ):    0.050ns
    Total Input Jitter      (TIJ):    0.000ns
    Discrete Jitter          (DJ):    0.000ns
    Phase Error              (PE):    0.000ns

    Location             Delay type                Incr(ns)  Path(ns)    Netlist Resource(s)
  -------------------------------------------------------------------    -------------------
    DSP48_X1Y42          DSP48E1                      0.000     0.000 r  U_butterfly/core/MR1/mq_s20__0/ACOUT[10]
                         net (fo=1, routed)           0.002     0.002    U_butterfly/core/MR1/mq_s20__0_n_43
    DSP48_X1Y43          DSP48E1                                      r  U_butterfly/core/MR1/mq_s2_reg__0/ACIN[10]
  -------------------------------------------------------------------    -------------------

                         (clock usb_clk rise edge)    0.000     0.000 r  
    F5                                                0.000     0.000 r  usb_clk (IN)
                         net (fo=0)                   0.000     0.000    usb_clk
    F5                   IBUF (Prop_ibuf_I_O)         1.461     1.461 r  usb_clk_IBUF_inst/O
                         net (fo=1, routed)           2.025     3.486    usb_clk_IBUF
    BUFGCTRL_X0Y16       BUFG (Prop_bufg_I_O)         0.096     3.582 r  U_usb_clk_buf/O
                         net (fo=846, routed)         1.699     5.280    U_butterfly/core/MR1/tio_clkout_OBUF
    DSP48_X1Y43          DSP48E1                                      r  U_butterfly/core/MR1/mq_s2_reg__0/CLK

Slack:                    inf
  Source:                 U_butterfly/core/MR1/mq_s20__0/ACOUT[11]
                            (internal pin)
  Destination:            U_butterfly/core/MR1/mq_s2_reg__0/ACIN[11]
                            (rising edge-triggered cell DSP48E1 clocked by usb_clk  {rise@0.000ns fall@5.000ns period=10.000ns})
  Path Group:             (none)
  Path Type:              Hold (Min at Slow Process Corner)
  Data Path Delay:        0.002ns  (logic 0.000ns (0.000%)  route 0.002ns (100.000%))
  Logic Levels:           0  
  Clock Uncertainty:      0.025ns  ((TSJ^2 + TIJ^2)^1/2 + DJ) / 2 + PE
    Total System Jitter     (TSJ):    0.050ns
    Total Input Jitter      (TIJ):    0.000ns
    Discrete Jitter          (DJ):    0.000ns
    Phase Error              (PE):    0.000ns

    Location             Delay type                Incr(ns)  Path(ns)    Netlist Resource(s)
  -------------------------------------------------------------------    -------------------
    DSP48_X1Y42          DSP48E1                      0.000     0.000 r  U_butterfly/core/MR1/mq_s20__0/ACOUT[11]
                         net (fo=1, routed)           0.002     0.002    U_butterfly/core/MR1/mq_s20__0_n_42
    DSP48_X1Y43          DSP48E1                                      r  U_butterfly/core/MR1/mq_s2_reg__0/ACIN[11]
  -------------------------------------------------------------------    -------------------

                         (clock usb_clk rise edge)    0.000     0.000 r  
    F5                                                0.000     0.000 r  usb_clk (IN)
                         net (fo=0)                   0.000     0.000    usb_clk
    F5                   IBUF (Prop_ibuf_I_O)         1.461     1.461 r  usb_clk_IBUF_inst/O
                         net (fo=1, routed)           2.025     3.486    usb_clk_IBUF
    BUFGCTRL_X0Y16       BUFG (Prop_bufg_I_O)         0.096     3.582 r  U_usb_clk_buf/O
                         net (fo=846, routed)         1.699     5.280    U_butterfly/core/MR1/tio_clkout_OBUF
    DSP48_X1Y43          DSP48E1                                      r  U_butterfly/core/MR1/mq_s2_reg__0/CLK

Slack:                    inf
  Source:                 U_butterfly/core/MR1/mq_s20__0/ACOUT[12]
                            (internal pin)
  Destination:            U_butterfly/core/MR1/mq_s2_reg__0/ACIN[12]
                            (rising edge-triggered cell DSP48E1 clocked by usb_clk  {rise@0.000ns fall@5.000ns period=10.000ns})
  Path Group:             (none)
  Path Type:              Hold (Min at Slow Process Corner)
  Data Path Delay:        0.002ns  (logic 0.000ns (0.000%)  route 0.002ns (100.000%))
  Logic Levels:           0  
  Clock Uncertainty:      0.025ns  ((TSJ^2 + TIJ^2)^1/2 + DJ) / 2 + PE
    Total System Jitter     (TSJ):    0.050ns
    Total Input Jitter      (TIJ):    0.000ns
    Discrete Jitter          (DJ):    0.000ns
    Phase Error              (PE):    0.000ns

    Location             Delay type                Incr(ns)  Path(ns)    Netlist Resource(s)
  -------------------------------------------------------------------    -------------------
    DSP48_X1Y42          DSP48E1                      0.000     0.000 r  U_butterfly/core/MR1/mq_s20__0/ACOUT[12]
                         net (fo=1, routed)           0.002     0.002    U_butterfly/core/MR1/mq_s20__0_n_41
    DSP48_X1Y43          DSP48E1                                      r  U_butterfly/core/MR1/mq_s2_reg__0/ACIN[12]
  -------------------------------------------------------------------    -------------------

                         (clock usb_clk rise edge)    0.000     0.000 r  
    F5                                                0.000     0.000 r  usb_clk (IN)
                         net (fo=0)                   0.000     0.000    usb_clk
    F5                   IBUF (Prop_ibuf_I_O)         1.461     1.461 r  usb_clk_IBUF_inst/O
                         net (fo=1, routed)           2.025     3.486    usb_clk_IBUF
    BUFGCTRL_X0Y16       BUFG (Prop_bufg_I_O)         0.096     3.582 r  U_usb_clk_buf/O
                         net (fo=846, routed)         1.699     5.280    U_butterfly/core/MR1/tio_clkout_OBUF
    DSP48_X1Y43          DSP48E1                                      r  U_butterfly/core/MR1/mq_s2_reg__0/CLK

Slack:                    inf
  Source:                 U_butterfly/core/MR1/mq_s20__0/ACOUT[13]
                            (internal pin)
  Destination:            U_butterfly/core/MR1/mq_s2_reg__0/ACIN[13]
                            (rising edge-triggered cell DSP48E1 clocked by usb_clk  {rise@0.000ns fall@5.000ns period=10.000ns})
  Path Group:             (none)
  Path Type:              Hold (Min at Slow Process Corner)
  Data Path Delay:        0.002ns  (logic 0.000ns (0.000%)  route 0.002ns (100.000%))
  Logic Levels:           0  
  Clock Uncertainty:      0.025ns  ((TSJ^2 + TIJ^2)^1/2 + DJ) / 2 + PE
    Total System Jitter     (TSJ):    0.050ns
    Total Input Jitter      (TIJ):    0.000ns
    Discrete Jitter          (DJ):    0.000ns
    Phase Error              (PE):    0.000ns

    Location             Delay type                Incr(ns)  Path(ns)    Netlist Resource(s)
  -------------------------------------------------------------------    -------------------
    DSP48_X1Y42          DSP48E1                      0.000     0.000 r  U_butterfly/core/MR1/mq_s20__0/ACOUT[13]
                         net (fo=1, routed)           0.002     0.002    U_butterfly/core/MR1/mq_s20__0_n_40
    DSP48_X1Y43          DSP48E1                                      r  U_butterfly/core/MR1/mq_s2_reg__0/ACIN[13]
  -------------------------------------------------------------------    -------------------

                         (clock usb_clk rise edge)    0.000     0.000 r  
    F5                                                0.000     0.000 r  usb_clk (IN)
                         net (fo=0)                   0.000     0.000    usb_clk
    F5                   IBUF (Prop_ibuf_I_O)         1.461     1.461 r  usb_clk_IBUF_inst/O
                         net (fo=1, routed)           2.025     3.486    usb_clk_IBUF
    BUFGCTRL_X0Y16       BUFG (Prop_bufg_I_O)         0.096     3.582 r  U_usb_clk_buf/O
                         net (fo=846, routed)         1.699     5.280    U_butterfly/core/MR1/tio_clkout_OBUF
    DSP48_X1Y43          DSP48E1                                      r  U_butterfly/core/MR1/mq_s2_reg__0/CLK

Slack:                    inf
  Source:                 U_butterfly/core/MR1/mq_s20__0/ACOUT[14]
                            (internal pin)
  Destination:            U_butterfly/core/MR1/mq_s2_reg__0/ACIN[14]
                            (rising edge-triggered cell DSP48E1 clocked by usb_clk  {rise@0.000ns fall@5.000ns period=10.000ns})
  Path Group:             (none)
  Path Type:              Hold (Min at Slow Process Corner)
  Data Path Delay:        0.002ns  (logic 0.000ns (0.000%)  route 0.002ns (100.000%))
  Logic Levels:           0  
  Clock Uncertainty:      0.025ns  ((TSJ^2 + TIJ^2)^1/2 + DJ) / 2 + PE
    Total System Jitter     (TSJ):    0.050ns
    Total Input Jitter      (TIJ):    0.000ns
    Discrete Jitter          (DJ):    0.000ns
    Phase Error              (PE):    0.000ns

    Location             Delay type                Incr(ns)  Path(ns)    Netlist Resource(s)
  -------------------------------------------------------------------    -------------------
    DSP48_X1Y42          DSP48E1                      0.000     0.000 r  U_butterfly/core/MR1/mq_s20__0/ACOUT[14]
                         net (fo=1, routed)           0.002     0.002    U_butterfly/core/MR1/mq_s20__0_n_39
    DSP48_X1Y43          DSP48E1                                      r  U_butterfly/core/MR1/mq_s2_reg__0/ACIN[14]
  -------------------------------------------------------------------    -------------------

                         (clock usb_clk rise edge)    0.000     0.000 r  
    F5                                                0.000     0.000 r  usb_clk (IN)
                         net (fo=0)                   0.000     0.000    usb_clk
    F5                   IBUF (Prop_ibuf_I_O)         1.461     1.461 r  usb_clk_IBUF_inst/O
                         net (fo=1, routed)           2.025     3.486    usb_clk_IBUF
    BUFGCTRL_X0Y16       BUFG (Prop_bufg_I_O)         0.096     3.582 r  U_usb_clk_buf/O
                         net (fo=846, routed)         1.699     5.280    U_butterfly/core/MR1/tio_clkout_OBUF
    DSP48_X1Y43          DSP48E1                                      r  U_butterfly/core/MR1/mq_s2_reg__0/CLK

Slack:                    inf
  Source:                 U_butterfly/core/MR1/mq_s20__0/ACOUT[15]
                            (internal pin)
  Destination:            U_butterfly/core/MR1/mq_s2_reg__0/ACIN[15]
                            (rising edge-triggered cell DSP48E1 clocked by usb_clk  {rise@0.000ns fall@5.000ns period=10.000ns})
  Path Group:             (none)
  Path Type:              Hold (Min at Slow Process Corner)
  Data Path Delay:        0.002ns  (logic 0.000ns (0.000%)  route 0.002ns (100.000%))
  Logic Levels:           0  
  Clock Uncertainty:      0.025ns  ((TSJ^2 + TIJ^2)^1/2 + DJ) / 2 + PE
    Total System Jitter     (TSJ):    0.050ns
    Total Input Jitter      (TIJ):    0.000ns
    Discrete Jitter          (DJ):    0.000ns
    Phase Error              (PE):    0.000ns

    Location             Delay type                Incr(ns)  Path(ns)    Netlist Resource(s)
  -------------------------------------------------------------------    -------------------
    DSP48_X1Y42          DSP48E1                      0.000     0.000 r  U_butterfly/core/MR1/mq_s20__0/ACOUT[15]
                         net (fo=1, routed)           0.002     0.002    U_butterfly/core/MR1/mq_s20__0_n_38
    DSP48_X1Y43          DSP48E1                                      r  U_butterfly/core/MR1/mq_s2_reg__0/ACIN[15]
  -------------------------------------------------------------------    -------------------

                         (clock usb_clk rise edge)    0.000     0.000 r  
    F5                                                0.000     0.000 r  usb_clk (IN)
                         net (fo=0)                   0.000     0.000    usb_clk
    F5                   IBUF (Prop_ibuf_I_O)         1.461     1.461 r  usb_clk_IBUF_inst/O
                         net (fo=1, routed)           2.025     3.486    usb_clk_IBUF
    BUFGCTRL_X0Y16       BUFG (Prop_bufg_I_O)         0.096     3.582 r  U_usb_clk_buf/O
                         net (fo=846, routed)         1.699     5.280    U_butterfly/core/MR1/tio_clkout_OBUF
    DSP48_X1Y43          DSP48E1                                      r  U_butterfly/core/MR1/mq_s2_reg__0/CLK

Slack:                    inf
  Source:                 U_butterfly/core/MR1/mq_s20__0/ACOUT[16]
                            (internal pin)
  Destination:            U_butterfly/core/MR1/mq_s2_reg__0/ACIN[16]
                            (rising edge-triggered cell DSP48E1 clocked by usb_clk  {rise@0.000ns fall@5.000ns period=10.000ns})
  Path Group:             (none)
  Path Type:              Hold (Min at Slow Process Corner)
  Data Path Delay:        0.002ns  (logic 0.000ns (0.000%)  route 0.002ns (100.000%))
  Logic Levels:           0  
  Clock Uncertainty:      0.025ns  ((TSJ^2 + TIJ^2)^1/2 + DJ) / 2 + PE
    Total System Jitter     (TSJ):    0.050ns
    Total Input Jitter      (TIJ):    0.000ns
    Discrete Jitter          (DJ):    0.000ns
    Phase Error              (PE):    0.000ns

    Location             Delay type                Incr(ns)  Path(ns)    Netlist Resource(s)
  -------------------------------------------------------------------    -------------------
    DSP48_X1Y42          DSP48E1                      0.000     0.000 r  U_butterfly/core/MR1/mq_s20__0/ACOUT[16]
                         net (fo=1, routed)           0.002     0.002    U_butterfly/core/MR1/mq_s20__0_n_37
    DSP48_X1Y43          DSP48E1                                      r  U_butterfly/core/MR1/mq_s2_reg__0/ACIN[16]
  -------------------------------------------------------------------    -------------------

                         (clock usb_clk rise edge)    0.000     0.000 r  
    F5                                                0.000     0.000 r  usb_clk (IN)
                         net (fo=0)                   0.000     0.000    usb_clk
    F5                   IBUF (Prop_ibuf_I_O)         1.461     1.461 r  usb_clk_IBUF_inst/O
                         net (fo=1, routed)           2.025     3.486    usb_clk_IBUF
    BUFGCTRL_X0Y16       BUFG (Prop_bufg_I_O)         0.096     3.582 r  U_usb_clk_buf/O
                         net (fo=846, routed)         1.699     5.280    U_butterfly/core/MR1/tio_clkout_OBUF
    DSP48_X1Y43          DSP48E1                                      r  U_butterfly/core/MR1/mq_s2_reg__0/CLK

Slack:                    inf
  Source:                 U_butterfly/core/MR1/mq_s20__0/ACOUT[17]
                            (internal pin)
  Destination:            U_butterfly/core/MR1/mq_s2_reg__0/ACIN[17]
                            (rising edge-triggered cell DSP48E1 clocked by usb_clk  {rise@0.000ns fall@5.000ns period=10.000ns})
  Path Group:             (none)
  Path Type:              Hold (Min at Slow Process Corner)
  Data Path Delay:        0.002ns  (logic 0.000ns (0.000%)  route 0.002ns (100.000%))
  Logic Levels:           0  
  Clock Uncertainty:      0.025ns  ((TSJ^2 + TIJ^2)^1/2 + DJ) / 2 + PE
    Total System Jitter     (TSJ):    0.050ns
    Total Input Jitter      (TIJ):    0.000ns
    Discrete Jitter          (DJ):    0.000ns
    Phase Error              (PE):    0.000ns

    Location             Delay type                Incr(ns)  Path(ns)    Netlist Resource(s)
  -------------------------------------------------------------------    -------------------
    DSP48_X1Y42          DSP48E1                      0.000     0.000 r  U_butterfly/core/MR1/mq_s20__0/ACOUT[17]
                         net (fo=1, routed)           0.002     0.002    U_butterfly/core/MR1/mq_s20__0_n_36
    DSP48_X1Y43          DSP48E1                                      r  U_butterfly/core/MR1/mq_s2_reg__0/ACIN[17]
  -------------------------------------------------------------------    -------------------

                         (clock usb_clk rise edge)    0.000     0.000 r  
    F5                                                0.000     0.000 r  usb_clk (IN)
                         net (fo=0)                   0.000     0.000    usb_clk
    F5                   IBUF (Prop_ibuf_I_O)         1.461     1.461 r  usb_clk_IBUF_inst/O
                         net (fo=1, routed)           2.025     3.486    usb_clk_IBUF
    BUFGCTRL_X0Y16       BUFG (Prop_bufg_I_O)         0.096     3.582 r  U_usb_clk_buf/O
                         net (fo=846, routed)         1.699     5.280    U_butterfly/core/MR1/tio_clkout_OBUF
    DSP48_X1Y43          DSP48E1                                      r  U_butterfly/core/MR1/mq_s2_reg__0/CLK

Slack:                    inf
  Source:                 U_butterfly/core/MR1/mq_s20__0/ACOUT[18]
                            (internal pin)
  Destination:            U_butterfly/core/MR1/mq_s2_reg__0/ACIN[18]
                            (rising edge-triggered cell DSP48E1 clocked by usb_clk  {rise@0.000ns fall@5.000ns period=10.000ns})
  Path Group:             (none)
  Path Type:              Hold (Min at Slow Process Corner)
  Data Path Delay:        0.002ns  (logic 0.000ns (0.000%)  route 0.002ns (100.000%))
  Logic Levels:           0  
  Clock Uncertainty:      0.025ns  ((TSJ^2 + TIJ^2)^1/2 + DJ) / 2 + PE
    Total System Jitter     (TSJ):    0.050ns
    Total Input Jitter      (TIJ):    0.000ns
    Discrete Jitter          (DJ):    0.000ns
    Phase Error              (PE):    0.000ns

    Location             Delay type                Incr(ns)  Path(ns)    Netlist Resource(s)
  -------------------------------------------------------------------    -------------------
    DSP48_X1Y42          DSP48E1                      0.000     0.000 r  U_butterfly/core/MR1/mq_s20__0/ACOUT[18]
                         net (fo=1, routed)           0.002     0.002    U_butterfly/core/MR1/mq_s20__0_n_35
    DSP48_X1Y43          DSP48E1                                      r  U_butterfly/core/MR1/mq_s2_reg__0/ACIN[18]
  -------------------------------------------------------------------    -------------------

                         (clock usb_clk rise edge)    0.000     0.000 r  
    F5                                                0.000     0.000 r  usb_clk (IN)
                         net (fo=0)                   0.000     0.000    usb_clk
    F5                   IBUF (Prop_ibuf_I_O)         1.461     1.461 r  usb_clk_IBUF_inst/O
                         net (fo=1, routed)           2.025     3.486    usb_clk_IBUF
    BUFGCTRL_X0Y16       BUFG (Prop_bufg_I_O)         0.096     3.582 r  U_usb_clk_buf/O
                         net (fo=846, routed)         1.699     5.280    U_butterfly/core/MR1/tio_clkout_OBUF
    DSP48_X1Y43          DSP48E1                                      r  U_butterfly/core/MR1/mq_s2_reg__0/CLK





